rank,seller_id,nombre,segmento,ml_level,reputacion,turbo,total_mensual,v4_mensual_total,v4_efectivo_zona,flex_zona,xd_zona,pct_cobertura_zona,pct_proximidad,ht_horas,lat,lon,tiene_integrador,tipo_integrador,integrador_nombre,nodos_activos,es_multinodo,v4_eff_acumulado,pct_vol_acum,ord_hr_acum,envios_turbo,peso_mediano_kg,lado_max_med_cm,gmv_prom_brl,pct_within_4km,opera_full
1,1135214401,MSK ARMARINHOS LTDA,Heavy,platinum,5_green,False,9927,286,200,186,14,69.93,2.88,26.64,-23.542459,-46.621837,True,certificado,UpSeller ERP,0,False,200,1.22,1.1,0,0.69,34,67,3.3,true
2,471957797,WG. LED. ELETRONICOS. SHOPPING LTDA,Heavy,platinum,5_green,False,9332,232,156,124,32,67.24,2.49,24.9,-23.528691,-46.622615,True,certificado,UpSeller ERP,0,False,356,2.17,1.9,0,0.21,24,39,2.9,false
3,1834181089,COMERCIAL LED BLOG,Heavy,platinum,5_green,False,8714,183,153,145,8,83.61,2.1,32.83,-23.549823,-46.61657,True,certificado,Predize,0,False,509,3.11,2.7,0,0.5,15,65,2.3,true
4,798276004,JK,Heavy,platinum,5_green,False,2917,144,139,139,0,96.53,4.94,15.17,-23.539476,-46.612965,True,certificado,idworks,0,False,648,3.96,3.4,0,0.4,33,73,4.5,true
5,521235308,AIQIN HU,Heavy,platinum,5_green,False,5045,163,137,129,8,84.05,3.23,25.15,-23.547706,-46.618191,True,certificado,UpSeller ERP,0,False,785,4.79,4.2,0,0.38,21,81,2.3,false
6,2381297194,SANDA BUSINESS,Heavy,platinum,5_green,False,8504,180,130,115,15,72.22,2.12,28.39,-23.5645332,-46.603849,True,certificado,UpSeller ERP,0,False,915,5.59,4.8,0,0.17,18,59,2,true
7,227778220,SIDI ZHENG,Heavy,platinum,5_green,False,4177,130,127,120,7,97.69,3.11,16.62,-23.5339551,-46.599029,True,certificado,UpSeller ERP,0,False,1042,6.36,5.5,0,0.3,20,87,3.1,true
8,430780332,MODA 2023,Heavy,,5_green,False,7393,138,126,113,13,91.3,1.87,20.66,-23.5388992,-46.6156074,True,certificado,UpSeller ERP,0,False,1168,7.13,6.2,0,0.45,26,85,2.2,true
9,1728242598,CASA ESTILO OUTLET,Heavy,platinum,5_green,True,3106,142,126,115,11,88.73,4.57,17.32,-23.549625,-46.608701,True,certificado,magis5,0,False,1294,7.9,6.8,47,1.12,31,188,4.2,true
10,334627891,ULTRAPRIME DO BRASIL LTDA,Heavy,platinum,5_green,False,4170,157,125,125,0,79.62,3.76,14.75,-23.527869,-46.613665,True,certificado,MercadoTurbo,0,False,1419,8.66,7.5,0,0.09,13,35,4.3,true
11,420931108,LING LIN,Heavy,platinum,5_green,False,5103,215,116,108,8,53.95,4.21,24.18,-23.541572,-46.630832,True,certificado,UpSeller ERP,0,False,1535,9.37,8.1,0,0.13,20,41,3.9,false
12,764302126,KOENIG COMERCIO DE VESTUARIO LTDA,Heavy,platinum,5_green,False,2585,117,112,112,0,95.73,4.53,18.98,-23.538218,-46.613768,True,certificado,Predize,1,False,1647,10.05,8.7,0,0.53,49,51,3.2,true
13,2006305369,Yanbin liu,Heavy,platinum,5_green,False,6638,149,111,104,7,74.5,2.24,23.97,-23.52349,-46.614999,True,certificado,UpSeller ERP,0,False,1758,10.73,9.3,0,0.51,24,87,1.9,false
14,708176542,BD LUXURY,Heavy,,5_green,False,1681,164,107,107,0,65.24,9.76,10.51,-23.546906,-46.619748,False,sin_integrador,,0,False,1865,11.39,9.9,0,0.3,18,780,8.7,false
15,2462259361,C.E.S.A Comercio Varejista Multissetorial LTDA,Heavy,platinum,5_green,False,3812,106,106,101,5,100,2.78,27.47,-23.542177,-46.604452,True,certificado,UpSeller ERP,0,False,1971,12.03,10.4,0,0.6,33,59,2.5,false
16,1759056874,ZENTRO ELETRONICO COMERCIAL LTDA,Heavy,platinum,5_green,False,4370,111,105,96,9,94.59,2.54,17.93,-23.533922,-46.599041,True,certificado,UpSeller ERP,1,False,2076,12.67,11,0,0.29,21,91,2.4,true
17,2224333778,MELIZ COMERCIO E DISTRIBUICAO LTDA,Heavy,platinum,5_green,False,2168,135,103,103,0,76.3,6.23,14.63,-23.5577474,-46.5892914,True,certificado,Shopping De Precos,0,False,2179,13.3,11.5,0,1.08,24,178,6.4,true
18,2021124024,LINA LINGERIE LTDA,Heavy,platinum,5_green,False,2918,128,102,100,2,79.69,4.39,21.53,-23.5349964,-46.6213281,True,certificado,Predize,1,False,2281,13.92,12.1,0,0.38,27,49,4.7,true
19,662337609,PROSPECTA DEALS,Heavy,platinum,5_green,False,2113,141,98,98,0,69.5,6.67,13.5,-23.5641421,-46.6157875,True,certificado,Sistema ERP da Olist,0,False,2379,14.52,12.6,0,0.3,37,73,6,true
20,1442687320,JHONN BOLSAS,Heavy,platinum,5_green,False,6189,103,98,0,98,95.15,1.66,37.56,-23.5095007,-46.60373389999999,True,certificado,UpSeller ERP,0,False,2477,15.12,13.1,0,0.03,17,30,1.6,false
21,1231599555,RCA HOME TECH LTDA,Heavy,platinum,5_green,False,5512,128,98,94,4,76.56,2.32,22.79,-23.532443,-46.617612,True,certificado,UpSeller ERP,0,False,2575,15.72,13.6,0,0.86,25,67,2.4,false
22,2274592225,G.E IMPORTS COMERCIO,Heavy,platinum,5_green,False,5865,99,94,0,94,94.95,1.69,35.06,-23.509346,-46.603748,True,certificado,UpSeller ERP,0,False,2669,16.29,14.1,0,0.05,17,34,1.4,false
23,1312010968,BRASILPHONE,Heavy,platinum,5_green,False,3382,230,93,87,6,40.43,6.8,19.1,-23.540164,-46.642308,True,certificado,UpSeller ERP,0,False,2762,16.86,14.6,0,0.12,19,34,5.6,true
24,755693999,NEW SUNNY COMERCIAL DE PRESENTES,Heavy,platinum,5_green,False,3060,149,88,85,3,59.06,4.87,19.58,-23.521543,-46.589502,True,certificado,UpSeller ERP,0,False,2850,17.4,15.1,0,0.43,31,90,2.5,true
25,1365175516,FORTE COMERCIO DE PLASTICOS E TECIDOS LTDA,Heavy,platinum,5_green,False,2114,107,87,87,0,81.31,5.06,23.85,-23.544569,-46.620887,True,certificado,NUBIMETRICS,0,False,2937,17.93,15.5,0,0.42,47,65,5.2,true
26,1122509478,THOMTHOM ELETRONICOS,Heavy,platinum,5_green,False,3506,92,84,63,21,91.3,2.62,21.27,-23.533922,-46.599047,True,certificado,UpSeller ERP,0,False,3021,18.44,16,0,0.31,21,88,2.4,true
27,714595029,L.E. SIMANTOB LINGERIE LTDA,Heavy,platinum,5_green,False,3175,91,83,77,6,91.21,2.87,20.78,-23.5390668,-46.6160535,False,sin_integrador,,0,False,3104,18.95,16.4,0,0.16,24,95,2.9,true
28,40635405,SONNIC SOUND CENTER,Heavy,platinum,5_green,True,6273,96,82,69,13,85.42,1.53,26.33,-23.5539418,-46.5952445,True,certificado,Seconds,0,False,3186,19.45,16.9,26,1,25,372,1.4,true
29,1273190934,NATALIA ALVES DOS SANTOS - VITORIANO SHOPS,Medium,gold,5_green,True,803,102,80,80,0,78.43,12.7,3.68,-23.559964,-46.59557,True,certificado,LojaHub,0,False,3266,19.94,17.3,69,0.33,24,114,10.9,false
30,1415061602,CATHY ELETRONICOS LTDA,Heavy,platinum,5_green,False,5435,99,79,73,6,79.8,1.82,19.97,-23.526307,-46.603923,True,certificado,UpSeller ERP,0,False,3345,20.42,17.7,0,0.81,24,157,2.5,false
31,471662561,LED SUPERMERCADO ELETRONICO LTDA,Heavy,platinum,5_green,False,3133,100,78,70,8,78,3.19,25.25,-23.528599,-46.622537,True,certificado,UpSeller ERP,0,False,3423,20.9,18.1,0,0.13,24,39,2.3,false
32,1425236703,GOREME TECNOLOGIA LTDA,Heavy,platinum,5_green,False,6196,208,77,71,6,37.02,3.36,22.03,-23.537476,-46.637368,True,certificado,UpSeller ERP,0,False,3500,21.37,18.5,0,0.32,26,85,2.8,false
33,1864399874,CAIXAS EMBALAI,Medium,platinum,5_green,False,354,92,76,76,0,82.61,25.99,13.19,-23.5557222,-46.6160856,True,certificado,Log Manager,0,False,3576,21.83,18.9,0,2.3,93,83,17.2,true
34,94475227,QUANTUM NOTES PRODUTOS DE INFORMATICA LTDA,Heavy,platinum,5_green,False,2423,148,75,72,3,50.68,6.11,17.95,-23.5448285,-46.6338237,True,certificado,Log Manager,0,False,3651,22.29,19.3,0,0.29,21,99,6.1,true
35,208115636,KING APPLE,Medium,platinum,5_green,True,1418,199,75,75,0,37.69,14.03,7.68,-23.5432,-46.6374784,True,certificado,MercadoTurbo,0,False,3726,22.75,19.7,65,0.25,33,67,13.2,true
36,2126438938,TRIPOLI IMPORTS,Heavy,platinum,5_green,False,3492,90,74,68,6,82.22,2.58,25.98,-23.547697,-46.61822,True,certificado,UpSeller ERP,0,False,3800,23.2,20.1,0,0.5,29,77,2.4,false
37,343956467,ABEX IMPORTACAO E DISTRIBUICAO DE PECAS LTDA,Heavy,platinum,5_green,True,2617,97,73,72,1,75.26,3.71,16.9,-23.5213765,-46.5906827,True,certificado,Sistema ERP da Olist,0,False,3873,23.64,20.5,26,0.25,19,103,2.9,true
38,416497489,TVP ECOMTECH LTDA,Heavy,platinum,5_green,False,5536,104,73,38,35,70.19,1.88,24.44,-23.564891,-46.593606,True,certificado,MercadoTurbo,0,False,3946,24.09,20.9,0,0.13,16,61,1.9,true
39,310319690,ANDY IMPORTS,Heavy,platinum,5_green,False,2368,114,72,72,0,63.16,4.81,14.34,-23.566216,-46.580253,True,certificado,UpSeller ERP,0,False,4018,24.53,21.3,0,0.48,30,122,3.8,true
40,2530112510,G&G IMPORTS,Heavy,platinum,5_green,False,5040,76,71,0,71,93.42,1.51,35.75,-23.509375,-46.603669,True,certificado,UpSeller ERP,0,False,4089,24.96,21.6,0,0.08,18,34,1.6,false
41,376934766,GRUPO EX,Heavy,platinum,5_green,False,2434,94,70,70,0,74.47,3.86,16.22,-23.5217863,-46.5908712,True,certificado,UpSeller ERP,0,False,4159,25.39,22,0,0.18,20,36,3.2,true
42,104424222,ART FLEX SUPORTES INDUSTRIA LTDA,Heavy,platinum,5_green,False,4604,133,68,65,3,51.13,2.89,18.58,-23.511729,-46.592358,True,certificado,Log Manager,0,False,4227,25.8,22.4,0,1.5,32,59,2.1,true
43,283364902,THOMASBABA COMERCIO LTDA,Heavy,platinum,5_green,False,2855,72,67,63,4,93.06,2.52,18.16,-23.533923,-46.599039,True,certificado,UpSeller ERP,0,False,4294,26.21,22.7,0,0.22,20,86,2.6,true
44,569525087,LDK COMERCIO DE VARIEDADES LTDA,Heavy,platinum,5_green,False,2776,95,66,66,0,69.47,3.42,12.41,-23.535623,-46.5708358,True,certificado,Sistema ERP da Olist,0,False,4360,26.62,23.1,0,0.3,20,61,4,true
45,70184883,EMANIA,Medium,platinum,5_green,False,1332,152,64,60,4,42.11,11.41,19.41,-23.540631,-46.638462,True,certificado,VTEX Integration,0,False,4424,27.01,23.4,0,0.18,24,417,11.4,false
46,1040164443,RSR STORE,Heavy,platinum,5_green,False,4145,179,64,63,1,35.75,4.32,29.89,-23.569178,-46.636331,True,certificado,Log Manager,0,False,4488,27.4,23.7,0,,,,,false
47,7833368,G3 CONCEPT LTDA,Heavy,platinum,5_green,True,1763,82,63,55,8,76.83,4.65,19.89,-23.551086,-46.5835197,True,certificado,Sistema ERP da Olist,0,False,4551,27.78,24.1,48,0.3,20,124,4,true
48,1052937778,VIEIRA ARTIGOS,Medium,gold,5_green,True,1125,84,63,63,0,75,7.47,4.18,-23.5599204,-46.59549390000001,True,certificado,LojaHub,0,False,4614,28.17,24.4,46,0.37,23,110,7.7,true
49,746906166,ARTE INTEGRADA COMERCIO DE ARTE LTDA,Heavy,platinum,5_green,False,2473,73,62,34,28,84.93,2.95,24.87,-23.532078,-46.600581,True,certificado,Sistema ERP da Olist,0,False,4676,28.55,24.7,0,1.16,53,94,2.9,true
50,63865201,LELLO PRESENTES,Medium,platinum,5_green,True,924,73,62,59,3,84.93,7.9,17.74,-23.554049,-46.594944,True,certificado,Log Manager,0,False,4738,28.92,25.1,34,1.39,45,74,5,true
51,2442223095,XULIN VARIEDADES,Heavy,platinum,5_green,False,3384,86,61,56,5,70.93,2.54,26.9,-23.564811,-46.6037578,True,certificado,Log Manager,0,False,4799,29.3,25.4,0,0.16,19,63,2.4,true
52,294817317,D.N.A JEANS,Heavy,platinum,5_green,False,1617,66,61,61,0,92.42,4.08,16.31,-23.538241,-46.613772,True,certificado,Sistema ERP da Olist,1,False,4860,29.67,25.7,0,0.41,33,75,2.8,true
53,1649936927,UMMAIS66 COMERCIAL LTDA,Heavy,platinum,5_green,False,1630,97,61,59,2,62.89,5.95,13.68,-23.5644712,-46.6159398,True,certificado,UpSeller ERP,0,False,4921,30.04,26,0,0.71,32,56,5.6,true
54,135163273,DANIEL ACESSORIOS,Heavy,platinum,5_green,False,3103,87,61,58,3,70.11,2.8,24.47,-23.5374817,-46.628609,False,sin_integrador,,0,False,4982,30.41,26.4,0,0.07,19,28,2.5,true
55,1383082988,N JEANS CONFECCOES,Heavy,platinum,5_green,False,1812,61,60,60,0,98.36,3.37,23.36,-23.536304,-46.614429,True,certificado,UpSeller ERP,1,False,5042,30.78,26.7,0,0.2,26,41,2.1,true
56,1663299746,CASA NADIM,Heavy,platinum,5_green,False,1917,71,59,56,3,83.1,3.7,21.11,-23.5380058,-46.616707,True,certificado,Tray Commerce,0,False,5101,31.14,27,0,0.1,20,90,3.3,true
57,2014655154,ELEPHANT POLO CONFECCOES LTDA,Medium,platinum,5_green,False,1421,64,59,58,1,92.19,4.5,19.46,-23.5392592,-46.6143608,True,certificado,Predize,1,False,5160,31.5,27.3,0,0.43,28,68,3.8,true
58,1387511576,LIDIA COMERCIAL LTDA,Heavy,platinum,5_green,False,3700,68,58,55,3,85.29,1.84,19.85,-23.5263966,-46.6040103,True,certificado,UpSeller ERP,0,False,5218,31.85,27.6,0,0.65,24,199,1.7,false
59,1935389494,Distribuidora Natural,Medium,platinum,5_green,False,1475,120,58,57,1,48.33,8.14,20.5,-23.561295,-46.623783,True,certificado,Sistema ERP da Olist,0,False,5276,32.21,27.9,0,0.36,17,89,6.6,false
60,1781816401,LIVONE COMERCIO LTDA,Heavy,platinum,5_green,False,3819,99,58,43,15,58.59,2.59,24.03,-23.55128,-46.624644,True,certificado,UpSeller ERP,0,False,5334,32.56,28.2,0,0.3,22,45,2.9,true
61,2289523466,MADALENA MAYA COMERCIO LTDA,Medium,platinum,5_green,False,1092,61,57,57,0,93.44,5.59,14.66,-23.539236,-46.613251,True,certificado,idworks,0,False,5391,32.91,28.5,0,0.38,32,70,3.8,true
62,1382913332,THYNK UNLIMITED STORE COMERCIO ONLINE LTDA,Heavy,platinum,5_green,False,2119,106,56,55,1,52.83,5,16.35,-23.529485,-46.638742,True,certificado,UpSeller ERP,0,False,5447,33.25,28.8,0,0.13,19,70,3.4,true
63,1388247789,SEVEN STARS COMERCIO DIGITAL LTDA,Heavy,platinum,5_green,False,6018,132,56,0,56,42.42,2.19,34.97,-23.574704,-46.608425,True,certificado,Predize,0,False,5503,33.59,29.1,0,0.88,29,86,1.7,false
64,350614147,ROMA AVIAMENTOS,Heavy,platinum,5_green,False,1611,57,56,53,3,98.25,3.54,28.62,-23.537774,-46.612281,True,certificado,UpSeller ERP,0,False,5559,33.94,29.4,0,0.14,23,49,2.9,true
65,1757283349,54.621.914 JADSON OLIVEIRA DE OLIVEIRA,Medium,,5_green,False,1527,72,55,52,3,76.39,4.72,17.83,-23.562538,-46.617173,True,certificado,UpSeller ERP,0,False,5614,34.27,29.7,0,0.19,22,72,4,false
66,531018819,MAGAZINE SANTA EFIGENIA IMPORTACAO E EXPORTACAO LTDA,Heavy,platinum,5_green,False,5198,95,54,50,4,56.84,1.83,22.95,-23.550446,-46.635854,True,certificado,UpSeller ERP,0,False,5668,34.6,30,0,0.72,23,214,1.5,false
67,1875452174,PURO ALGODAO COMERCIO DE PRODUTOS ONLINE,Medium,platinum,5_green,True,1509,54,54,49,5,100,3.58,28.62,-23.537561,-46.609482,True,certificado,Log Manager,0,False,5722,34.93,30.3,31,0.44,33,77,2.6,true
68,1769471667,MISOU COMERCIAL LTDA,Heavy,platinum,5_green,False,2505,78,54,49,5,69.23,3.11,21.83,-23.5644492,-46.6159709,True,certificado,UpSeller ERP,0,False,5776,35.26,30.6,0,0.41,26,46,3.5,true
69,2032989339,LEONA WINSTON COMERCIAL LTDA,Heavy,,5_green,False,3038,101,54,48,6,53.47,3.32,29.46,-23.5734616,-46.5991846,True,certificado,Log Manager,0,False,5830,35.59,30.8,0,0.33,22,88,2.3,false
70,2251271093,LOJINHA DA ASIA,Heavy,platinum,5_green,False,1783,79,53,46,7,67.09,4.43,22.45,-23.5449732,-46.6186751,True,certificado,UpSeller ERP,0,False,5883,35.91,31.1,0,0.99,46,89,4.5,true
71,275909808,ABPM ELETRONICOS,Medium,platinum,5_green,True,896,105,52,51,1,49.52,11.72,11.77,-23.541172,-46.637098,True,certificado,Sistema ERP da Olist,0,False,5935,36.23,31.4,135,0.18,20,131,12.3,true
72,1195601761,GAMUMP DISTRIBUIDORA,Medium,platinum,5_green,False,985,66,52,52,0,78.79,6.7,17.88,-23.5533895,-46.5838128,True,certificado,MDHUB - Antigo MDLIVRE,0,False,5987,36.55,31.7,0,0.95,39,175,4.6,true
73,1373024883,BEST MO LTDA,Heavy,platinum,5_green,False,3190,75,52,48,4,69.33,2.35,26.37,-23.5243261,-46.614716,True,no_certificado,TF SOFTWARE LTDA,0,False,6039,36.87,32,0,0.16,19,37,2,false
74,1228982095,VLX EXCELLENCE LED LTDA,Heavy,platinum,5_green,False,1957,57,51,44,7,89.47,2.91,19.55,-23.526371,-46.603993,True,certificado,UpSeller ERP,0,False,6090,37.18,32.2,0,0.76,24,124,2.5,true
75,1062977261,VICTORIA VESTUARIOS LTDA,Medium,platinum,5_green,False,1410,107,51,50,1,47.66,7.59,17.18,-23.5381564,-46.6329919,True,certificado,Log Manager,0,False,6141,37.49,32.5,0,0.17,17,50,8.4,true
76,1430030742,BAZAR ON LINE,Heavy,platinum,5_green,False,2714,63,51,47,4,80.95,2.32,20.53,-23.524969,-46.593494,True,certificado,Log Manager,0,False,6192,37.8,32.8,0,0.71,39,65,1.3,false
77,209471703,BMS SUPLEMENTOS E ARTIGOS ESPORTIVOS,Heavy,platinum,5_green,False,2283,89,51,50,1,57.3,3.9,16.99,-23.5438686,-46.5627685,True,certificado,Log Manager,1,False,6243,38.11,33,0,0.54,21,169,3.6,true
78,1531058829,FLOWERCOOL COMERCIAL LTDA,Heavy,platinum,5_green,False,3921,58,50,42,8,86.21,1.48,29.98,-23.5270916,-46.6034922,True,certificado,UpSeller ERP,0,False,6293,38.42,33.3,0,0.22,22,58,1.7,false
79,2407622508,MAMATech,Medium,platinum,5_green,False,894,55,49,49,0,89.09,6.15,10.65,-23.5419535,-46.6152358,True,certificado,UpSeller ERP,0,False,6342,38.72,33.6,0,0.14,16,206,7.6,false
80,1045424827,UNIVERSO 24H COMERCIO DE ELETRONICOS LTDA,Heavy,platinum,5_green,False,2885,56,49,46,3,87.5,1.94,21.11,-23.526395,-46.603923,True,certificado,UpSeller ERP,0,False,6391,39.01,33.8,0,1.02,29,126,1.8,true
81,1336289157,MODELLA INDUSTRIA E COMERCIO DE ROUPAS LTDA,Medium,platinum,5_green,False,1522,55,49,49,0,89.09,3.61,14.44,-23.5396815,-46.61682,True,certificado,UpSeller ERP,0,False,6440,39.31,34.1,0,0.26,23,73,4.4,true
82,1863163070,GR MARKET EXPRESS,Heavy,platinum,5_green,False,2856,49,49,31,18,100,1.72,22.89,-23.5439224,-46.6011653,True,certificado,UpSeller ERP,0,False,6489,39.61,34.3,0,0.08,17,67,1.7,true
83,2147423032,VLX IMPORTACAO LTDA,Heavy,platinum,5_green,False,3956,63,47,44,3,74.6,1.59,24.77,-23.5263544,-46.6038777,True,certificado,UpSeller ERP,0,False,6536,39.9,34.6,0,1,33,59,1.5,false
84,1020396764,YY M COMERCIAL E SERVICOS LTDA,Medium,platinum,5_green,False,1001,53,47,46,1,88.68,5.29,18.51,-23.528066,-46.604518,True,certificado,UpSeller ERP,1,False,6583,40.19,34.8,0,0.14,22,65,3.1,true
85,2154338508,IMAGINEWORKS,Medium,platinum,5_green,False,1144,54,47,47,0,87.04,4.72,25.81,-23.5498509,-46.6164965,True,certificado,Predize,1,False,6630,40.47,35.1,0,0.96,35,73,2.5,true
86,159678986,CAETANO STORE,Medium,platinum,5_green,False,1054,56,47,46,1,83.93,5.31,17.76,-23.561002,-46.591967,True,certificado,Sistema ERP da Olist,0,False,6677,40.76,35.3,0,0.1,18,50,4.3,true
87,1206436323,TELLUS STORE,Medium,platinum,5_green,False,1155,102,47,47,0,46.08,8.83,17.07,-23.559133,-46.635374,True,certificado,Shopping De Precos,0,False,6724,41.05,35.6,0,0.32,28,94,6.9,true
88,18573219,NIKKEY - COSMETICOS LTDA.,Heavy,platinum,5_green,False,1664,64,46,43,3,71.88,3.85,22.52,-23.546656,-46.571875,True,certificado,Log Manager,0,False,6770,41.33,35.8,0,0.23,18,96,4.8,false
89,522101670,FIGLIMP - DISTRIBUIDORA DE SUPRIMENTOS,Medium,platinum,5_green,False,945,46,46,46,0,100,4.87,26.93,-23.539034,-46.60114,True,certificado,Sistema ERP da Olist,1,False,6816,41.61,36.1,0,1.48,32,112,3.7,true
90,765039361,FALCOM COMERCIAL,Medium,platinum,5_green,False,1353,48,46,46,0,95.83,3.55,14.43,-23.5278873,-46.6136424,True,certificado,magis5,0,False,6862,41.89,36.3,0,0.5,22,44,4.7,true
91,1198288648,STILLGER CONFECCOES,Medium,platinum,5_green,False,1417,46,45,45,0,97.83,3.25,15.89,-23.530952,-46.609282,True,certificado,Sistema ERP da Olist,0,False,6907,42.16,36.5,0,0.42,29,68,4.7,true
92,306704918,SOFIA ACESSORIOS,Heavy,platinum,5_green,False,1703,98,45,42,3,45.92,5.75,17.24,-23.557417,-46.635107,True,certificado,Log Manager,0,False,6952,42.44,36.8,0,0.38,26,106,6.7,false
93,543168229,PARTILHANDO,Heavy,platinum,5_green,False,3698,72,45,6,39,62.5,1.95,34.61,-23.552734,-46.582383,True,certificado,Log Manager,0,False,6997,42.71,37,0,0.26,22,70,1.5,false
94,694239470,CARLOS EDUARDO,Medium,platinum,5_green,False,1183,51,45,43,2,88.24,4.31,15.52,-23.5622,-46.602794,True,certificado,UpSeller ERP,0,False,7042,42.99,37.3,0,0.18,20,51,3.4,true
95,1976709524,LOJAS O'QUE,Heavy,platinum,5_green,False,2269,50,44,40,4,88,2.2,22.71,-23.5411456,-46.5851879,True,certificado,Log Manager,0,False,7086,43.26,37.5,0,0.28,24,63,2.2,false
96,343975643,JACOME,Medium,platinum,5_green,True,878,87,44,43,1,50.57,9.91,11.8,-23.541203,-46.637114,True,certificado,Sistema ERP da Olist,0,False,7130,43.53,37.7,98,0.29,25,116,9,true
97,2344978668,CONNECTPRO COMERCIO DE VARIEDADES LTDA,Medium,platinum,5_green,False,868,60,44,44,0,73.33,6.91,12.06,-23.5418458,-46.6222194,True,certificado,UpSeller ERP,1,False,7174,43.79,38,0,0.07,12,65,8.6,true
98,702118481,ZENX MEDALI LTDA,Medium,platinum,5_green,False,1421,78,44,44,0,56.41,5.49,8.18,-23.5392368,-46.6333906,True,certificado,MercadoTurbo,0,False,7218,44.06,38.2,0,0.32,37,40,6.3,true
99,724301720,FAST COMERCIO LTDA,Heavy,,5_green,False,3545,107,44,44,0,41.12,3.02,25.67,-23.57868,-46.603798,True,certificado,Log Manager,0,False,7262,44.33,38.4,0,1.28,32,77,2.4,true
100,1533430307,E-LEADER UTILIDADES & ELETRONICOS LTDA,Medium,platinum,5_green,False,322,61,44,44,0,72.13,18.94,14.2,-23.5300332,-46.6221144,True,certificado,Log Manager,1,False,7306,44.6,38.7,0,0.02,15,79,15.6,true
101,1416722176,H&J COMERCIO E PRESENTES LTDA,Medium,platinum,5_green,False,1095,64,43,37,6,67.19,5.84,21.29,-23.555437,-46.575372,True,certificado,UpSeller ERP,0,False,7349,44.86,38.9,0,1.2,35,102,5.3,true
102,1364963687,MOST MO LTDA,Heavy,platinum,5_green,False,3354,65,43,39,4,66.15,1.94,26.18,-23.5243108,-46.614697,True,no_certificado,TF SOFTWARE LTDA,0,False,7392,45.13,39.1,0,0.21,18,42,2,false
103,1130148138,MONICA CHEN BING XIA,Medium,platinum,5_green,False,1335,45,43,36,7,95.56,3.37,30.74,-23.540158,-46.614012,True,certificado,Log Manager,0,False,7435,45.39,39.3,0,0.53,24,125,4.1,true
104,1332396462,ZUZUA BIJU,Heavy,platinum,5_green,False,1942,94,43,42,1,45.74,4.84,16.58,-23.529458,-46.638723,True,certificado,UpSeller ERP,0,False,7478,45.65,39.6,0,0.15,18,69,4.7,true
105,1404338875,CHLOE STORE,Heavy,platinum,5_green,False,2126,44,43,41,2,97.73,2.07,25.94,-23.5417897,-46.5971588,True,certificado,UpSeller ERP,1,False,7521,45.91,39.8,0,0.27,22,58,2.1,true
106,14937436,FRANQUEADA LIGA COMERCIO ELETRONICO DE ARTIGOS ESPORTIVOS E ACESSORIOS LTDA,Heavy,platinum,5_green,False,2715,103,43,38,5,41.75,3.79,19.22,-23.544831,-46.640362,True,certificado,PLUGGTO,0,False,7564,46.18,40,0,0.8,35,364,3.5,true
107,2352288617,QUANTUM X   COMERCIO E SERVICOS  LTDA,Heavy,platinum,5_green,True,1711,79,42,40,2,53.16,4.62,16.62,-23.53978,-46.6293367,True,certificado,Bling Mercado Livre,0,False,7606,46.43,40.2,39,0.37,19,258,5.4,false
108,1053154455,G.M COMERCIO,Medium,platinum,5_green,False,1022,50,42,42,0,84,4.89,6.34,-23.528109,-46.618338,True,certificado,UpSeller ERP,0,False,7648,46.69,40.5,0,0.26,16,43,6.1,true
109,535537812,FELIZ CC ELETRONICOS E ARMARINHO LTDA,Heavy,platinum,5_green,False,2970,81,42,40,2,51.85,2.73,21.67,-23.5399278,-46.635117,True,certificado,UpSeller ERP,0,False,7690,46.94,40.7,0,0.35,24,60,2.7,false
110,740446604,PRECOLANDIA,Heavy,platinum,5_green,False,1565,55,42,39,3,76.36,3.51,21.45,-23.55428,-46.578444,True,certificado,PLUGGTO,0,False,7732,47.2,40.9,0,1.17,33,138,4.1,true
111,1995186921,ISABELA TIAN PRODUTOS LTDA,Heavy,platinum,5_green,False,2469,72,41,39,2,56.94,2.92,21.74,-23.5209231,-46.6286832,True,certificado,UpSeller ERP,0,False,7773,47.45,41.1,0,0.17,19,100,2.8,false
112,2362074719,VIVA TECH COMERCIAL,Heavy,platinum,5_green,False,5939,75,41,41,0,54.67,1.26,22.11,-23.55047,-46.635861,True,certificado,UpSeller ERP,0,False,7814,47.7,41.3,0,0.76,24,191,1.7,false
113,190422619,**,Heavy,platinum,5_green,True,1630,76,41,41,0,53.95,4.66,15.4,-23.5396709,-46.6293684,True,certificado,Sistema ERP da Olist,0,False,7855,47.95,41.6,79,0.25,20,336,4.4,false
114,416334575,RENATO DE ARRUDA CAMPOS ELETRONICOS,Heavy,platinum,5_green,False,1898,74,41,40,1,55.41,3.9,19.14,-23.5394808,-46.6393164,True,certificado,Sistema ERP da Olist,0,False,7896,48.2,41.8,0,0.35,19,77,3.4,true
115,614720250,JR SUPLEMENTOS,Heavy,platinum,5_green,False,4454,89,41,40,1,46.07,2,29.11,-23.573067,-46.571583,False,sin_integrador,,0,False,7937,48.45,42,0,0.09,16,42,2.3,false
116,300172128,ADB ACESSORIOS PARA PATCHWORK,Heavy,platinum,5_green,False,2349,100,41,38,3,41,4.26,23.89,-23.5249626,-46.6410988,True,certificado,MercadoTurbo,0,False,7978,48.7,42.2,0,0.2,22,52,3.5,true
117,1101678873,M5 ARMARINHOS,Heavy,platinum,5_green,False,1951,64,40,38,2,62.5,3.28,22.34,-23.5628922,-46.5854468,True,certificado,Bling Mercado Livre,0,False,8018,48.95,42.4,0,0.19,22,40,3.2,false
118,1717384526,BENX COMERCIAL LTDA,Heavy,platinum,5_green,False,2393,61,40,37,3,65.57,2.55,25,-23.544996,-46.636268,True,certificado,UpSeller ERP,0,False,8058,49.19,42.6,0,0.93,21,273,2.8,false
119,1982648775,M50 COMERCIO E DISTRIBUICAO LTDA,Medium,platinum,5_green,False,1182,56,40,33,7,71.43,4.74,22.82,-23.5576767,-46.5958367,True,certificado,magis5,1,False,8098,49.44,42.8,0,0.12,18,112,4.8,true
120,1629929844,DEMA DISTRIBUIDORA DE EMBALAGENS LTDA,Medium,gold,5_green,False,947,69,39,39,0,56.52,7.29,12.91,-23.5652255,-46.5690967,True,certificado,Log Manager,0,False,8137,49.67,43.1,0,4.07,82,102,8.9,false
121,726586889,BE ONE ELETRONICOS LTDA,Medium,platinum,5_green,False,1398,47,39,38,1,82.98,3.36,15.05,-23.529895,-46.616633,True,certificado,UpSeller ERP,1,False,8176,49.91,43.3,0,0.35,22,180,2.1,true
122,351523640,CAIMED COMERCIO DE PRODUTOS HOSPITALARES LTDA,Heavy,platinum,5_green,False,1675,66,39,32,7,59.09,3.94,22.8,-23.5378885,-46.5601808,True,certificado,Log Manager,0,False,8215,50.15,43.5,0,0.66,24,119,4.1,true
123,1997895066,ISABELA TIAN PRODUTOS LTDA,Heavy,platinum,5_green,False,1773,67,39,38,1,58.21,3.78,26.78,-23.5208581,-46.6286543,True,certificado,UpSeller ERP,0,False,8254,50.39,43.7,0,0.15,19,119,2.5,false
124,1839468541,ESTORE MTK LTDA,Medium,platinum,5_green,False,1196,40,39,34,5,97.5,3.34,23.04,-23.534228,-46.613387,True,certificado,UpSeller ERP,0,False,8293,50.63,43.9,0,0.58,30,101,2.1,true
125,466588542,GLOBAL PRIME,Medium,platinum,5_green,False,867,55,39,38,1,70.91,6.34,22.74,-23.566416,-46.614447,True,certificado,Log Manager,0,False,8332,50.86,44.1,0,1.75,35,384,5.3,false
126,1498879352,NX DISTRIBUIDORA LTDA,Medium,platinum,5_green,False,1504,42,39,38,1,92.86,2.79,29.88,-23.530719,-46.614268,True,certificado,UpSeller ERP,1,False,8371,51.1,44.3,0,1.03,36,65,2.4,true
127,1827194220,META PLUS JEANS COMERCIO LTDA,Medium,platinum,5_green,False,1243,41,39,39,0,95.12,3.3,15.73,-23.537168,-46.613807,True,certificado,MercadoTurbo,0,False,8410,51.34,44.5,0,0.46,36,68,3.3,true
128,308996127,TECH KING,Heavy,platinum,5_green,False,2016,84,39,36,3,46.43,4.17,25.83,-23.559131,-46.635443,True,certificado,Bling Mercado Livre,0,False,8449,51.58,44.7,0,0.26,20,40,5.3,false
129,1139121050,EMPORIO MIX,Medium,gold,5_green,False,1083,54,39,39,0,72.22,4.99,15.64,-23.5612373,-46.5807685,True,certificado,Lexos Hub,0,False,8488,51.82,44.9,0,0.55,26,60,4.6,true
130,3020966052,63.840.253 MATEUS AUGUSTO MORGADO COUTINHO,Medium,platinum,5_green,False,747,64,39,39,0,60.94,8.57,11.24,-23.561712,-46.608046,True,certificado,UpSeller ERP,0,False,8527,52.05,45.1,0,0.11,16,109,8.4,false
131,218698076,DIAMANTE ROSA SHOP,Heavy,platinum,5_green,False,1982,58,39,37,2,67.24,2.93,23.4,-23.5706752,-46.6120388,True,certificado,MDHUB - Antigo MDLIVRE,1,False,8566,52.29,45.3,0,0.09,18,42,2.6,true
132,1771506703,XIAOJUN ZHOU,Heavy,platinum,5_green,False,2332,57,39,36,3,68.42,2.44,24.43,-23.5314465,-46.6217372,True,certificado,UpSeller ERP,0,False,8605,52.53,45.5,0,0.25,18,120,3.1,false
133,585330851,PROFISSIONAL DA LIMPEZA E VARIEDADES,Medium,platinum,5_green,False,817,50,38,25,13,76,6.12,23.88,-23.5744816,-46.5696725,True,certificado,Bling Mercado Livre,1,False,8643,52.76,45.7,0,0.3,39,179,3.2,true
134,1321543338,LIBER STORE,Heavy,platinum,5_green,False,1654,86,38,36,2,44.19,5.2,22.54,-23.554005,-46.6344662,True,certificado,Sistema ERP da Olist,0,False,8681,52.99,45.9,0,0.38,17,42,3.4,true
135,202384844,ENJOY PETS LTDA,Medium,platinum,5_green,False,1333,47,38,37,1,80.85,3.53,28.38,-23.5260264,-46.5914642,True,certificado,MercadoTurbo,0,False,8719,53.23,46.1,0,0.18,19,106,4.5,true
136,1373017909,REAL MO LTDA,Heavy,platinum,5_green,False,2488,42,38,35,3,90.48,1.69,26.24,-23.5243193,-46.6146948,True,no_certificado,TF SOFTWARE LTDA,0,False,8757,53.46,46.3,0,0.15,17,30,1.7,false
137,576228768,PARATIBUM VARIEDADES LTDA,Heavy,platinum,5_green,False,1903,73,38,36,2,52.05,3.84,20.18,-23.523812,-46.628661,True,certificado,Log Manager,0,False,8795,53.69,46.5,0,0.09,18,49,3.8,true
138,228414169,ATUAL COMERCIO E DISTRIBUIDORA DE LIVROS,Medium,platinum,5_green,False,804,71,38,38,0,53.52,8.83,18.58,-23.562343,-46.6170633,False,sin_integrador,,0,False,8833,53.92,46.7,0,0.49,27,150,5.8,true
139,2317668626,JOPESA,Medium,platinum,5_green,False,757,57,38,38,0,66.67,7.53,13.28,-23.5418522,-46.623614,True,certificado,UpSeller ERP,0,False,8871,54.15,46.9,0,0.1,16,69,8.2,true
140,1447308941,ROTTA JEANS CONFECCOES LTDA,Heavy,platinum,5_green,False,2274,39,38,36,2,97.44,1.72,21.04,-23.5371787,-46.6137612,True,certificado,MercadoTurbo,0,False,8909,54.39,47.1,0,0.6,35,76,2.2,true
141,1028686231,TRYIT IMPORTADOS,Heavy,platinum,5_green,False,1623,99,38,33,5,38.38,6.1,25.29,-23.554883,-46.63611,True,certificado,UpSeller ERP,0,False,8947,54.62,47.3,0,0.1,15,46,4.9,true
142,1044153812,GENERAL STORE PRODUTOS DE INFORMATICA LTDA,Medium,,5_green,False,636,54,37,37,0,68.52,8.49,13.19,-23.5447941,-46.6337883,True,certificado,UpSeller ERP,0,False,8984,54.84,47.5,0,0.38,27,112,3.6,true
143,2462130566,ERD INFORMATICA E ELETRONICOS LTDA,Medium,platinum,5_green,True,548,93,37,37,0,39.78,16.97,8.76,-23.541109,-46.638112,True,certificado,MercadoTurbo,0,False,9021,55.07,47.7,104,0.3,21,342,9.4,false
144,777762759,GAMUMP ECOMMERCE,Medium,platinum,5_green,False,508,40,37,37,0,92.5,7.87,12.32,-23.553372,-46.58384,True,certificado,Log Manager,0,False,9058,55.3,47.9,0,0.82,38,117,2.9,true
145,2516204977,REACTOR MODA JOVEM LTDA,Medium,platinum,5_green,False,744,41,37,35,2,90.24,5.51,35.49,-23.538635,-46.614915,True,certificado,Sistema ERP da Olist,0,False,9095,55.52,48.1,0,0.38,29,73,2.4,false
146,453583830,REI DA CUTELARIA,Heavy,platinum,5_green,False,1728,62,37,35,2,59.68,3.59,24.5,-23.533771,-46.6271627,True,certificado,KONCILI,0,False,9132,55.75,48.3,0,0.1,21,86,3.4,true
147,2929385681,AURORA STORE COMERCIAL,Heavy,platinum,5_green,False,2835,70,36,36,0,51.43,2.47,23.56,-23.539466,-46.639335,True,certificado,Log Manager,0,False,9168,55.97,48.5,0,0.2,19,68,2.6,true
148,223349157,BAZAR SINOBRAS E COMMERCE LTDA,Heavy,platinum,5_green,False,2970,55,36,34,2,65.45,1.85,24.58,-23.550473,-46.635805,True,certificado,UpSeller ERP,0,False,9204,56.19,48.7,0,0.74,26,189,1.7,false
149,530873748,CELA,Medium,platinum,5_green,False,1426,45,36,32,4,80,3.16,29.51,-23.545318,-46.62291,True,certificado,UpSeller ERP,0,False,9240,56.41,48.9,0,0.62,37,54,1.9,false
150,2352092929,NEXUS   ELECTRONICS   COMERCIO  E SERVICOS  LTDA,Medium,platinum,5_green,True,1086,48,36,35,1,75,4.42,14.08,-23.5397626,-46.6294445,True,certificado,Sistema ERP da Olist,0,False,9276,56.63,49.1,60,0.23,17,303,6,true
151,1358649812,KICOOL COMERCIAL LTDA,Heavy,platinum,5_green,False,1780,60,36,33,3,60,3.37,29.15,-23.560993,-46.582993,True,certificado,UpSeller ERP,0,False,9312,56.85,49.3,0,0.46,23,94,3.3,true
152,1973811737,EVANDRO JOSE DA SILVA MAGAZINE,Medium,platinum,5_green,False,1001,75,36,36,0,48,7.49,14.22,-23.541823,-46.630292,True,no_certificado,UniRise,0,False,9348,57.07,49.5,0,0.17,19,89,5,false
153,262981298,IMAGINE CASE,Medium,platinum,5_green,False,1068,82,35,34,1,42.68,7.68,20.63,-23.55917,-46.635385,True,certificado,Sistema ERP da Olist,0,False,9383,57.28,49.6,0,0.14,21,75,6,true
154,28798862,RWD,Heavy,platinum,5_green,False,1612,45,35,31,4,77.78,2.79,24.42,-23.557675,-46.595812,True,certificado,magis5,0,False,9418,57.49,49.8,0,0.49,19,155,4,true
155,723878806,CENTER GAMES,Medium,,5_green,False,441,87,34,34,0,39.08,19.73,14.57,-23.537598,-46.639575,True,certificado,MDHUB - Antigo MDLIVRE,0,False,9452,57.7,50,0,1.3,32,986,13,false
156,1646140550,BLUE MONKEY,Heavy,platinum,5_green,False,1692,111,34,31,3,30.63,6.56,25.39,-23.522562,-46.640345,True,certificado,MercadoTurbo,0,False,9486,57.91,50.2,0,0.43,20,67,6.2,true
157,1303854557,RBM BAZAR,Medium,gold,5_green,False,1002,57,34,29,5,59.65,5.69,22.3,-23.5420041,-46.6222169,True,certificado,Log Manager,0,False,9520,58.12,50.4,0,0.25,24,57,4,true
158,206114807,Duda,Medium,,5_green,True,966,69,34,34,0,49.28,7.14,5.55,-23.544855,-46.631032,True,certificado,Log Manager,0,False,9554,58.32,50.6,9,0.3,19,268,7.4,false
159,1261474309,EXCELAYES,Medium,platinum,5_green,False,1519,34,34,29,5,100,2.24,27.25,-23.541989,-46.609192,True,certificado,UpSeller ERP,0,False,9588,58.53,50.7,0,0.42,24,151,2.4,false
160,1995191189,ISABELA TIAN PRODUTOS LTDA,Heavy,platinum,5_green,False,2343,61,34,32,2,55.74,2.6,23.64,-23.520914,-46.628715,True,certificado,UpSeller ERP,0,False,9622,58.74,50.9,0,0.14,19,103,2.3,false
161,412767159,MEU BEBE BRASIL,Medium,gold,5_green,False,711,34,34,32,2,100,4.78,22.7,-23.5499788,-46.6090399,True,certificado,magis5,1,False,9656,58.95,51.1,0,0.07,18,34,4.8,true
162,452635589,MAGAZINE MARABOX,Heavy,platinum,5_green,False,1652,59,34,31,3,57.63,3.57,19.86,-23.5342223,-46.5681497,True,certificado,Sistema ERP da Olist,0,False,9690,59.15,51.3,0,0.46,34,66,3.8,false
163,1539012834,Z C BIJOUTERIA LTDA,Heavy,platinum,5_green,False,1578,77,34,34,0,44.16,4.88,18.01,-23.5381037,-46.6329154,True,certificado,Log Manager,0,False,9724,59.36,51.4,0,0.3,17,65,5.4,true
164,1824620369,LOVII,Medium,platinum,5_green,False,1008,53,34,34,0,64.15,5.26,8.78,-23.5343586,-46.6230827,True,certificado,UpSeller ERP,0,False,9758,59.57,51.6,0,0.16,19,54,4.8,true
165,250982576,LUIZA CELL25,Medium,gold,5_green,False,1359,49,34,32,2,69.39,3.61,25.4,-23.5374889,-46.6285708,False,sin_integrador,,0,False,9792,59.78,51.8,0,0.07,19,28,2.8,true
166,178703836,Sales Success,Medium,,5_green,True,703,81,34,34,0,41.98,11.52,6.56,-23.5408692,-46.6337687,True,certificado,MercadoTurbo,0,False,9826,59.98,52,64,0.16,18,99,10.4,false
167,2024441743,VARIESHOP COMERCIO DE VARIEDADES LTDA,Medium,platinum,5_green,False,653,49,34,34,0,69.39,7.5,13.76,-23.5423142,-46.6229355,True,certificado,UpSeller ERP,0,False,9860,60.19,52.2,0,0.41,17,184,7.3,true
168,1767577194,WAVE PRESENTES STORE ON-LINE LTDA,Heavy,platinum,5_green,False,1636,68,34,33,1,50,4.16,16.66,-23.529429,-46.638719,True,certificado,UpSeller ERP,0,False,9894,60.4,52.3,0,0.22,19,70,4.7,true
169,1012024038,WAKANDA ELETRONICOS,Medium,platinum,5_green,False,1041,56,34,34,0,60.71,5.38,13.05,-23.5238275,-46.6287121,True,certificado,Log Manager,0,False,9928,60.61,52.5,0,0.09,17,53,4.5,true
170,2124851478,BEST PAPELARIA,Medium,gold,5_green,False,1009,52,34,33,1,65.38,5.15,29.16,-23.542478,-46.62189,True,certificado,UpSeller ERP,0,False,9962,60.81,52.7,0,0.38,26,49,3.6,false
171,1516001747,LEW ELETRONICOS,Medium,gold,5_green,False,910,51,34,25,9,66.67,5.6,24.53,-23.542004,-46.622206,True,certificado,Log Manager,0,False,9996,61.02,52.9,0,0.24,20,43,3.3,true
172,2120349894,INDOBEST ELECTRONIC TOOLS,Heavy,platinum,5_green,False,2317,41,34,31,3,82.93,1.77,21.75,-23.5263405,-46.6039439,True,certificado,UpSeller ERP,0,False,10030,61.23,53.1,0,0.45,27,99,1.8,false
173,1526017625,FASHION COMERCIO DE ACESSORIOS LTDA,Heavy,platinum,5_green,False,1934,55,33,28,5,60,2.84,26.82,-23.5164209,-46.6058546,True,certificado,UpSeller ERP,1,False,10063,61.43,53.2,0,0.42,28,124,2.4,true
174,155149580,CENTRAL,Medium,platinum,5_green,False,1177,33,33,28,5,100,2.8,26.27,-23.542597,-46.605074,True,certificado,Sistema ERP da Olist,0,False,10096,61.63,53.4,0,0.33,32,96,3.1,true
175,517665323,NEW ERA,Medium,platinum,5_green,False,1455,54,33,31,2,61.11,3.71,27.76,-23.525946,-46.636238,True,certificado,KONCILI,0,False,10129,61.83,53.6,0,0.31,23,212,2.4,false
176,2254063823,MEL MODINHA,Medium,platinum,5_green,False,1391,34,33,29,4,97.06,2.44,23.31,-23.547031,-46.617056,True,certificado,UpSeller ERP,0,False,10162,62.04,53.8,0,0.3,22,57,1.7,true
177,2278799035,LUXOTEC NEGOCIOS LTDA,Medium,platinum,5_green,False,725,33,33,30,3,100,4.55,21.32,-23.5395205,-46.5983144,True,certificado,UpSeller ERP,1,False,10195,62.24,53.9,0,1.49,41,468,2.9,true
178,1070331010,DK Modas,Medium,,5_green,False,620,50,33,33,0,66,8.06,12.15,-23.544679,-46.56734,True,certificado,LojaHub,0,False,10228,62.44,54.1,0,0.15,18,141,6.1,false
179,449422401,3 ON COMERCIO E SERVICOS EM TECNOLOGIA LTDA,Medium,platinum,5_green,True,1084,55,33,32,1,60,5.07,14.94,-23.530955,-46.563718,True,certificado,MDHUB - Antigo MDLIVRE,0,False,10261,62.64,54.3,24,0.22,22,704,3.2,true
180,2568333588,ROYAL PRODUTOS TANG LTDA,Medium,platinum,5_green,False,1490,76,32,28,4,42.11,5.1,16.42,-23.5209029,-46.628725,True,certificado,UpSeller ERP,0,False,10293,62.83,54.5,0,0.16,19,92,3.8,false
181,315953870,CIDA CETINIC DO AMARAL,Medium,platinum,5_green,False,1434,150,32,28,4,21.33,10.46,22.72,-23.5438186,-46.6469273,True,certificado,Log Manager,0,False,10325,63.03,54.6,0,0.32,18,87,10.2,false
182,820754261,ANGEL  ELETRONICOS & INFORMATICA LTDA,Medium,platinum,5_green,True,1458,82,32,32,0,39.02,5.62,16.52,-23.53663,-46.640599,True,certificado,Bling Mercado Livre,0,False,10357,63.23,54.8,27,1.09,28,276,5.9,false
183,2562707523,NOVA ROTA IMPORTS COMERCIO DE ELETRONICOS E BRINQUEDOS LTDA,Medium,platinum,5_green,False,755,51,32,32,0,62.75,6.75,10.09,-23.572492,-46.60741,True,certificado,Bling Mercado Livre,0,False,10389,63.42,55,0,0.69,27,72,4.2,true
184,89396525,S H G GOMES DISTRIBUIDORA DE ACESSORIOS AUTOMOTIVOS,Heavy,,5_green,False,2818,55,32,29,3,58.18,1.95,25.33,-23.5180411,-46.6139925,True,certificado,UpSeller ERP,1,False,10421,63.62,55.1,0,2.55,50,225,2.1,true
185,252368899,ELEPHANT ELETRONICOS LTDA,Medium,platinum,5_green,False,1423,52,32,31,1,61.54,3.65,16.16,-23.529426,-46.638763,True,certificado,UpSeller ERP,0,False,10453,63.81,55.3,0,0.3,19,104,5,true
186,1579872938,MAYERRE COMERCIO DE ILUMINACAO LTDA,Heavy,platinum,5_green,False,2075,62,32,27,5,51.61,2.99,22.06,-23.537567,-46.637387,True,certificado,UpSeller ERP,0,False,10485,64.01,55.5,0,0.38,32,98,2.2,false
187,2021495259,MIX MAIS COMERCIO DE VARIEDADES LTDA,Medium,platinum,5_green,False,714,46,32,32,0,69.57,6.44,15.12,-23.541789,-46.6236159,True,certificado,UpSeller ERP,0,False,10517,64.2,55.6,0,0.29,17,151,5.8,true
188,1764395778,VENTUS COMERCIO VARIEDADES LTDA,Medium,platinum,5_green,False,987,33,32,30,2,96.97,3.34,18.58,-23.550307,-46.604283,True,certificado,UpSeller ERP,0,False,10549,64.4,55.8,0,2.53,96,398,3.9,true
189,493109910,JBS ACESSORIOS,Medium,gold,5_green,False,1432,60,32,31,1,53.33,4.19,25.83,-23.559103,-46.635428,True,certificado,Bling Mercado Livre,0,False,10581,64.59,56,0,0.26,20,35,4.5,true
190,507454903,CHANGXU LU ELETRONICOS,Medium,platinum,5_green,False,1364,38,32,31,1,84.21,2.79,17.5,-23.529814,-46.616592,True,certificado,UpSeller ERP,0,False,10613,64.79,56.2,0,0.54,28,168,2.7,false
191,317390047,MAXX NA SUA CASA,Heavy,platinum,5_green,False,2376,51,32,26,6,62.75,2.15,23.6,-23.5145131,-46.5836999,True,certificado,Shopping De Precos,0,False,10645,64.98,56.3,0,1.5,36,479,3.7,true
192,1916779220,VENDEU321,Medium,platinum,5_green,False,784,31,31,29,2,100,3.95,15.89,-23.5453139,-46.6113547,True,certificado,UpSeller ERP,0,False,10676,65.17,56.5,0,0.26,24,43,4.2,true
193,628354227,FX SEMIJOIAS,Medium,gold,5_green,False,1293,48,31,30,1,64.58,3.71,21.53,-23.5706577,-46.6120221,True,certificado,MDHUB - Antigo MDLIVRE,0,False,10707,65.36,56.7,0,0.07,17,43,2.9,true
194,2131309179,AIGEE VARIEDADES LTDA,Medium,platinum,5_green,False,656,45,31,31,0,68.89,6.86,11.95,-23.564511,-46.6158604,True,certificado,UpSeller ERP,1,False,10738,65.55,56.8,0,0.45,30,43,20,true
195,93972794,IDEAL,Heavy,platinum,5_green,False,2039,80,31,30,1,38.75,3.92,22.57,-23.5331857,-46.5583494,True,certificado,SmartSelling,0,False,10769,65.74,57,0,0.11,27,58,3.2,true
196,247203250,JETDISC INDUSTRIA E COMERCIO LTDA,Medium,gold,5_green,True,527,44,31,30,1,70.45,8.35,15.55,-23.5397188,-46.6293649,True,certificado,Sistema ERP da Olist,0,False,10800,65.93,57.1,20,0.28,20,404,5.4,false
197,2696805843,RMS COMERCIO DIGITAL,Medium,platinum,5_green,False,502,39,31,27,4,79.49,7.77,24.71,-23.5658845,-46.6004062,True,certificado,BlueWhale BI ,1,False,10831,66.12,57.3,0,1.14,27,390,4.1,true
198,188933438,PONTO CENTRAL PECAS E ACESSORIOS LTDA.,Medium,platinum,5_green,False,767,31,31,27,4,100,4.04,24.45,-23.542575,-46.605128,True,certificado,Sistema ERP da Olist,0,False,10862,66.31,57.5,0,0.6,34,104,3.1,true
199,239087096,Letícia Lisboa,Medium,,5_green,True,719,52,31,31,0,59.62,7.23,5.76,-23.544893,-46.630981,True,certificado,Log Manager,0,False,10893,66.5,57.6,17,0.4,20,307,6.3,false
200,1121217778,VENTUCOMPANY COMERCIO DE PRODUTOS ELETRONICOS LTDA,Medium,platinum,5_green,True,826,51,31,28,3,60.78,6.17,16.55,-23.5447847,-46.6309559,True,certificado,MercadoTurbo,1,False,10924,66.69,57.8,18,0.13,18,204,3.3,true
201,716299592,LIVRARIA LEITURA,Medium,,5_green,True,920,94,31,30,1,32.98,10.22,16.63,-23.5465553,-46.63868532307693,True,certificado,PLUGGTO,0,False,10955,66.88,58,29,0.37,24,65,10.2,true
202,1685096348,THIAGO DA SILVA VASCONCELOS SUPRIMENTOS DE INFORMATICA,Medium,platinum,5_green,False,555,56,31,31,0,55.36,10.09,7.17,-23.539398,-46.629961,False,sin_integrador,,0,False,10986,67.07,58.1,0,0.25,19,930,9.6,false
203,1336331121,H.F SUN,Heavy,platinum,5_green,False,2379,41,31,26,5,75.61,1.72,26.67,-23.523543,-46.614838,True,certificado,UpSeller ERP,0,False,11017,67.25,58.3,0,0.36,21,68,2.1,false
204,242702885,MAIS DESCARTAVEIS & EMBALAGENS,Medium,platinum,5_green,True,1432,47,31,30,1,65.96,3.28,19.49,-23.517984,-46.594125,True,certificado,Sistema ERP da Olist,0,False,11048,67.44,58.5,7,0.85,35,93,3.5,false
205,499304016,ZHONGLIANG ZHENG ELETRONICOS,Heavy,platinum,5_green,False,1735,74,31,26,5,41.89,4.27,20,-23.553063,-46.639688,True,certificado,UpSeller ERP,0,False,11079,67.63,58.6,0,0.34,20,152,4.6,true
206,1215862818,JH COMERCIO E PRESENTES,Medium,,5_green,False,1431,62,30,29,1,48.39,4.33,21.56,-23.5553908,-46.575362,True,certificado,UpSeller ERP,0,False,11109,67.82,58.8,0,1.02,28,108,5,true
207,1159329088,LEED AUTOPECAS LTDA,Heavy,platinum,5_green,False,3411,46,30,0,30,65.22,1.35,38.18,-23.566444,-46.614542,True,certificado,Log Manager,0,False,11139,68,58.9,0,0.39,21,173,1.2,true
208,613771906,MBY VARIEDADES LTDA,Medium,gold,5_green,False,820,31,30,27,3,96.77,3.78,23.13,-23.5499751,-46.6090856,True,certificado,magis5,0,False,11169,68.18,59.1,0,0.11,19,35,2.8,true
209,610591371,CENTRAL LED,Heavy,platinum,5_green,False,2221,60,30,27,3,50,2.7,23.13,-23.555351,-46.575328,True,certificado,UpSeller ERP,1,False,11199,68.37,59.3,0,0.27,33,92,3.2,true
210,750572926,LJC IMPORTS LTDA,Medium,platinum,5_green,False,1046,39,30,28,2,76.92,3.73,22.78,-23.562096,-46.5997279,True,certificado,UpSeller ERP,0,False,11229,68.55,59.4,0,0.29,30,85,3.7,true
211,6058931,AB SHOP COMERCIO DE VARIEDADES,Medium,platinum,5_green,False,534,38,30,30,0,78.95,7.12,19.76,-23.548776,-46.584113,True,certificado,UpSeller ERP,1,False,11259,68.73,59.6,0,0.14,25,116,6.5,true
212,161806102,JULIANA MATOS STORE,Medium,gold,5_green,False,1051,39,30,30,0,76.92,3.71,16.9,-23.562168,-46.602802,True,certificado,UpSeller ERP,0,False,11289,68.92,59.7,0,0.17,22,51,4.1,true
213,725188106,ANNY QUALITY,Heavy,platinum,5_green,False,1747,72,30,28,2,41.67,4.12,23.43,-23.536963,-46.6356391,True,certificado,Sistema ERP da Olist,0,False,11319,69.1,59.9,0,0.12,20,116,3.9,false
214,1997847670,ISABELA TIAN PRODUTOS LTDA,Heavy,platinum,5_green,False,2034,43,30,25,5,69.77,2.11,21.85,-23.520887,-46.628707,True,certificado,UpSeller ERP,0,False,11349,69.28,60,0,0.2,19,122,2.2,false
215,1915509786,,Medium,,5_green,True,425,67,30,30,0,44.78,15.76,5.73,-23.540908,-46.633783,True,certificado,MercadoTurbo,0,False,11379,69.46,60.2,38,0.1,18,73,16.4,false
216,475892103,SOMBOX,Medium,platinum,5_green,False,879,44,29,28,1,65.91,5.01,19.95,-23.542623,-46.622763,True,certificado,Log Manager,1,False,11408,69.64,60.4,0,0.15,16,77,5.1,true
217,1065236458,ASILVA IMPORTS LTDA,Medium,silver,5_green,False,607,72,29,29,0,40.28,11.86,5.02,-23.5405084,-46.641433,True,certificado,UpSeller ERP,0,False,11437,69.82,60.5,0,0.12,18,39,6.9,false
218,1739519876,TAMARA SOUZA DE OLIVEIRA OUTVISION,Medium,platinum,5_green,False,688,35,29,29,0,82.86,5.09,11.11,-23.5362187,-46.5677273,True,certificado,MercadoTurbo,0,False,11466,70,60.7,0,0.23,26,39,6.2,true
219,510063900,PES.CELL COMERCIAL LTDA,Medium,platinum,5_green,False,1091,46,29,26,3,63.04,4.22,19.53,-23.527898,-46.638773,True,certificado,UpSeller ERP,0,False,11495,70.17,60.8,0,0.94,23,243,4.4,false
220,467173997,BELLUNI COMERCIAL,Medium,gold,5_green,False,807,35,29,23,6,82.86,4.34,25.29,-23.5551634,-46.6026882,True,certificado,Lexos Hub,0,False,11524,70.35,61,0,0.88,30,77,4.1,true
221,135532297,COLAR INDUSTRIA E COMERCIO LTDA,Medium,platinum,5_green,False,1387,32,29,27,2,90.63,2.31,25.22,-23.544612,-46.591204,True,certificado,Tray Commerce,0,False,11553,70.53,61.1,0,0.99,19,89,2.1,true
222,2082039890,KAIQUE RYAN DA SILVA GOMES COMERCIO,Medium,platinum,5_green,False,633,53,29,29,0,54.72,8.37,18.99,-23.5301028,-46.6359202,True,certificado,Log Manager,0,False,11582,70.7,61.3,0,1.07,53,115,9,true
223,192902121,LUZ & TUDO ILUMINACAO,Heavy,platinum,5_green,False,1834,35,29,24,5,82.86,1.91,20.58,-23.5263664,-46.6040145,True,certificado,UpSeller ERP,0,False,11611,70.88,61.4,0,0.4,23,187,1.8,true
224,1997828136,ISABELA TIAN PRODUTOS LTDA,Heavy,platinum,5_green,False,2071,65,29,24,5,44.62,3.14,20.12,-23.5209211,-46.6287003,True,certificado,UpSeller ERP,0,False,11640,71.06,61.6,0,0.16,19,99,2.4,false
225,1217666701,PALACIO LAR ACESSORIOS E ELETRONICOS LTDA,Medium,platinum,5_green,False,1361,54,29,29,0,53.7,3.97,20.47,-23.545301,-46.635817,True,certificado,UpSeller ERP,0,False,11669,71.23,61.7,0,0.2,19,107,3.1,false
226,1507363246,BTMX IMPORTACAO E DISTRIBUICAO LTDA,Medium,platinum,5_green,False,529,31,29,29,0,93.55,5.86,14.37,-23.527885,-46.613595,True,certificado,magis5,0,False,11698,71.41,61.9,0,0.29,19,40,2.3,true
227,2375422261,COCO ZONE COMERCIO DE ELETRONICOS LTDA,Medium,platinum,5_green,False,1258,52,29,25,4,55.77,4.13,20.63,-23.527864,-46.63875,True,certificado,UpSeller ERP,0,False,11727,71.59,62,0,0.51,24,106,4.4,false
228,1285605609,DEKE COMPONENTES ELETRONICOS LTDA,Heavy,platinum,5_green,False,3032,63,29,27,2,46.03,2.08,28.24,-23.536926,-46.637249,True,certificado,UpSeller ERP,0,False,11756,71.77,62.2,0,0.48,21,98,1.9,false
229,238454725,JLS INFORMATICA E PRODUTOS ELETRONICOS LTDA,Medium,platinum,5_green,True,706,60,29,29,0,48.33,8.5,14.29,-23.54113,-46.638067,True,certificado,MercadoTurbo,0,False,11785,71.94,62.4,55,0.31,21,355,7.3,false
230,1098647287,SOFIA ACESSORIOS E PRESENTES,Medium,platinum,5_green,False,1271,76,29,27,2,38.16,5.98,17.88,-23.5574903,-46.6352598,True,certificado,Log Manager,0,False,11814,72.12,62.5,0,0.41,25,97,4.5,false
231,500123160,FENIX ACESSORIOS & BIJUTERIA LTDA,Heavy,platinum,5_green,False,1874,64,29,25,4,45.31,3.42,20.49,-23.5454282,-46.6321186,True,certificado,UpSeller ERP,0,False,11843,72.3,62.7,0,0.11,15,44,3.1,true
232,1839439556,WHY VARIEDADES,Medium,platinum,5_green,False,718,34,29,29,0,85.29,4.74,9.26,-23.5306889,-46.6174706125,True,certificado,UpSeller ERP,0,False,11872,72.47,62.8,0,0.43,20,148,3.6,false
233,405139376,ROOTTECH,Medium,platinum,5_green,False,992,43,28,24,4,65.12,4.33,19.39,-23.542542,-46.623664,True,certificado,MDHUB - Antigo MDLIVRE,0,False,11900,72.65,63,0,0.35,19,171,4.2,false
234,2288358597,CAROL LINGERIE,Medium,platinum,5_green,False,1198,30,28,26,2,93.33,2.5,25.09,-23.527271,-46.605579,True,certificado,UpSeller ERP,0,False,11928,72.82,63.1,0,0.15,24,45,1.8,true
235,2046215078,COMERCIAL RODRIGUES LIMA,Medium,platinum,5_green,False,1241,35,28,27,1,80,2.82,21.53,-23.5498895,-46.6165385,True,certificado,Predize,0,False,11956,72.99,63.3,0,0.53,17,88,2.5,true
236,2639155621,*********,Medium,platinum,5_green,False,1107,33,28,27,1,84.85,2.98,25.45,-23.531719,-46.617742,True,certificado,UpSeller ERP,1,False,11984,73.16,63.4,0,0.42,21,69,4.8,true
237,2991160394,MASTERLINE COMERCIAL 01 LTDA,Medium,platinum,5_green,False,1177,60,28,28,0,46.67,5.1,20.15,-23.5300575,-46.6359961,True,certificado,Log Manager,0,False,12012,73.33,63.6,0,0.96,30,92,7.7,true
238,476723203,TOTAL INFO,Medium,platinum,5_green,True,732,41,28,28,0,68.29,5.6,19.76,-23.5374563,-46.6381805,True,certificado,Log Manager,0,False,12040,73.5,63.7,28,0.86,31,882,5,false
239,738595417,EMPORIO NOVA BETEL LTDA,Medium,platinum,5_green,False,764,57,28,28,0,49.12,7.46,19.91,-23.541643,-46.629282,True,certificado,Bling Mercado Livre,0,False,12068,73.67,63.9,0,0.82,21,96,4.6,false
240,422785647,MINYMIX,Medium,platinum,5_green,False,1192,40,28,26,2,70,3.36,29.23,-23.56159,-46.5951275,True,certificado,Sistema ERP da Olist,1,False,12096,73.84,64,0,0.19,21,54,1.1,true
241,2466279986,CIBELLY TIAN PRODUTOS LTDA,Heavy,platinum,5_green,False,1937,47,28,25,3,59.57,2.43,20.66,-23.5208997,-46.6287383,True,certificado,UpSeller ERP,0,False,12124,74.01,64.1,0,0.12,17,93,0,false
242,2029590847,MIX TOTAL COMERCIO DE VARIEDADES LTDA,Medium,platinum,5_green,False,454,40,28,28,0,70,8.81,15.29,-23.5424207,-46.6222818,True,certificado,UpSeller ERP,0,False,12152,74.18,64.3,0,0.19,14,146,10.1,true
243,488946915,KAIZU IMPORTS COMERCIO ELETRONICO LTDA,Medium,platinum,5_green,False,626,34,28,28,0,82.35,5.43,8.84,-23.5648014,-46.5988535,True,certificado,MercadoTurbo,0,False,12180,74.35,64.4,0,0.09,19,49,5.3,true
244,376615392,JLS INFORMATICA E PRODUTOS ELETRONICOS LTDA,Medium,platinum,5_green,True,426,55,28,28,0,50.91,12.91,9.53,-23.540499332185057,-46.637968936584635,True,certificado,MercadoTurbo,0,False,12208,74.53,64.6,67,0.35,21,352,10.2,false
245,1385547216,ORYXON INDUSTRIA E COMERCIO DE ROUPAS LTDA,Medium,,5_green,False,1443,31,27,24,3,87.1,2.15,24.49,-23.535457,-46.614538,True,certificado,UpSeller ERP,0,False,12235,74.69,64.7,0,0.68,36,81,1.7,false
246,655467830,CH PRESENTES,Medium,platinum,5_green,False,992,62,27,26,1,43.55,6.25,17.16,-23.545317,-46.635837,True,certificado,UpSeller ERP,0,False,12262,74.86,64.9,0,0.19,20,79,4.1,false
247,194177382,COOPER VARIEDADES E UTILIDADES,Medium,platinum,5_green,False,672,33,27,27,0,81.82,4.91,13.3,-23.5616281,-46.602477,True,certificado,MercadoTurbo,0,False,12289,75.02,65,0,0.12,14,45,7,true
248,1392923012,EBUY STORE,Medium,platinum,5_green,False,883,52,27,26,1,51.92,5.89,13.02,-23.529379,-46.638794,True,certificado,UpSeller ERP,0,False,12316,75.18,65.2,0,0.19,19,62,4.3,true
249,1435777030,ROBERTO FERREIRA DE OLIVEIRA,Medium,gold,5_green,False,530,61,27,27,0,44.26,11.51,10.6,-23.541039,-46.638117,True,certificado,Log Manager,0,False,12343,75.35,65.3,0,0.12,18,47,4.4,false
250,246280842,EFRAIM COMERCIO E DISTRIBUIDORA LTDA,Medium,platinum,5_green,False,1026,99,27,27,0,27.27,9.65,14.54,-23.563091,-46.637803,True,certificado,Log Manager,1,False,12370,75.51,65.4,0,0.45,18,51,8.4,true
251,1344963006,GOREME TECNOLOGIA LTDA,Heavy,platinum,5_green,False,2254,59,27,22,5,45.76,2.62,22.9,-23.5375936,-46.6373713,True,certificado,MDHUB - Antigo MDLIVRE,0,False,12397,75.68,65.6,0,0.25,26,79,2.3,false
252,1073883961,INPARI IMPORTS COMERCIO E DISTRIBUICAO LTDA,Medium,platinum,5_green,False,932,33,27,27,0,81.82,3.54,17.26,-23.5217336,-46.5908722,True,certificado,UpSeller ERP,0,False,12424,75.84,65.7,0,0.1,18,53,3.9,true
253,218777606,,Medium,,5_green,True,585,86,27,27,0,31.4,14.7,3.51,-23.563465,-46.631836,True,certificado,Log Manager,0,False,12451,76.01,65.9,79,0.39,23,76,18.4,false
254,1856454202,ML COMERCIO DIGITAL LTDA,Medium,platinum,5_green,False,1379,34,27,19,8,79.41,2.47,24.82,-23.5659266,-46.6003651,True,certificado,BlueWhale BI ,0,False,12478,76.17,66,0,0.86,30,245,3.4,true
255,1245587790,J.M COMERCIO,Medium,platinum,5_green,False,508,33,27,27,0,81.82,6.5,6.4,-23.5281,-46.61833,True,certificado,UpSeller ERP,0,False,12505,76.34,66.2,0,0.79,27,68,5.1,true
256,349204909,CHIC SHINE COMERCIO LTDA,Medium,platinum,5_green,False,1531,63,27,25,2,42.86,4.11,23.03,-23.553104,-46.639698,True,certificado,UpSeller ERP,0,False,12532,76.5,66.3,0,0.45,23,171,4.2,false
257,139077495,MARMAU DISTRIBUIDORA,Medium,platinum,5_green,False,1052,40,27,25,2,67.5,3.8,23.83,-23.5620514,-46.5997942,True,certificado,UpSeller ERP,0,False,12559,76.67,66.4,0,0.28,25,86,3.3,true
258,1130382189,NEW BUY COMERCIO LTDA,Medium,platinum,5_green,False,1234,30,26,25,1,86.67,2.43,20.81,-23.556269,-46.603365,True,certificado,UpSeller ERP,0,False,12585,76.83,66.6,0,0.3,21,76,1.8,false
259,2023795065,EXXOTICO,Medium,,5_green,False,877,33,26,26,0,78.79,3.76,19.6,-23.555962,-46.614367,True,certificado,Sistema ERP da Olist,0,False,12611,76.99,66.7,0,0.4,25,262,4.6,true
260,1380906829,PG EMBALAGENS EIRELI,Medium,platinum,5_green,False,556,57,26,26,0,45.61,10.25,10.79,-23.562602,-46.621433,True,certificado,Log Manager,0,False,12637,77.14,66.9,0,0.82,38,81,5.9,true
261,1109354632,MRB INFORMATICA E ACESSORIOS ELETRONICOS LTDA.,Medium,platinum,5_green,True,960,64,26,23,3,40.63,6.67,16.07,-23.540975914823207,-46.638198289206926,True,certificado,MercadoTurbo,0,False,12663,77.3,67,99,0.32,21,318,6.7,false
262,1712734534,RIZZO IMPORT LTDA,Medium,,5_green,False,702,47,26,25,1,55.32,6.7,26.69,-23.5433684,-46.6303217,True,certificado,Seconds,0,False,12689,77.46,67.1,0,0.36,24,67,5.2,false
263,592241832,CASA PEONIA,Medium,gold,5_green,False,599,34,26,26,0,76.47,5.68,11.28,-23.567271,-46.588954,True,certificado,Bling Mercado Livre,1,False,12715,77.62,67.3,0,0.1,19,37,5.6,true
264,725757443,BMF,Medium,platinum,5_green,False,1400,83,26,23,3,31.33,5.93,18.28,-23.5294128,-46.6444374,True,certificado,Shopping De Precos,0,False,12741,77.78,67.4,0,1.4,39,209,5.7,true
265,535480783,LATICINIOS PIRAMIDE LTDA,Medium,platinum,5_green,False,495,35,26,26,0,74.29,7.07,21.38,-23.541234,-46.629569,True,certificado,Log Manager,0,False,12767,77.94,67.6,0,0.73,21,92,4,true
266,303954019,WEBSALAO,Medium,platinum,5_green,False,933,48,26,0,26,54.17,5.14,33.43,-23.565465,-46.619126,True,certificado,VTEX Integration,0,False,12793,78.1,67.7,0,0.2,20,102,5,false
267,1105706977,PEDRA BELA ARTIGOS DE ELETRONICOS LTDA,Medium,platinum,5_green,False,1359,51,26,24,2,50.98,3.75,19.95,-23.54521,-46.635876,True,certificado,UpSeller ERP,0,False,12819,78.26,67.8,0,0.17,18,92,4.5,false
268,204257913, delivery,Medium,,5_green,False,872,83,26,26,0,31.33,9.52,7.4,-23.540021,-46.642217,True,certificado,UpSeller ERP,0,False,12845,78.41,68,0,0.18,21,34,7.2,false
269,330849568,ZIFENG GAO PRESENTES,Heavy,platinum,5_green,False,1758,52,26,25,1,50,2.96,22.57,-23.544227,-46.632435,True,certificado,UpSeller ERP,0,False,12871,78.57,68.1,0,0.42,33,87,2.7,false
270,2014402419,ESSEN COMERCIO DE ELETRONICOS E ARTIGOS PARA O LAR LTDA,Medium,platinum,5_green,False,1520,57,26,25,1,45.61,3.75,26.92,-23.526231,-46.641446,True,certificado,UpSeller ERP,0,False,12897,78.73,68.2,0,0.88,38,53,3.7,true
271,1924468522,HERANCA DISTRIBUIDORA,Medium,platinum,5_green,False,1477,38,26,22,4,68.42,2.57,23.63,-23.5662482,-46.5855876,True,certificado,Base.,0,False,12923,78.89,68.4,0,0.42,24,60,2.8,true
272,1315902401,HAY DISTRIBUICAO DE ELETRONICOS LTDA,Heavy,platinum,5_green,False,3135,36,26,23,3,72.22,1.15,25.84,-23.5691089,-46.5955848,True,certificado,UpSeller ERP,1,False,12949,79.05,68.5,0,0.56,23,89,0.8,true
273,1649822427,BLUEBERRY BRASIL COMERCIO LTDA,Medium,platinum,5_green,False,877,50,26,25,1,52,5.7,13.37,-23.538499,-46.632999,True,certificado,UpSeller ERP,0,False,12975,79.21,68.7,0,0.1,18,43,5.5,true
274,1085645357,HIPER TECH,Medium,platinum,5_green,False,996,33,25,23,2,75.76,3.31,19.31,-23.542391,-46.623751,True,certificado,Log Manager,0,False,13000,79.36,68.8,0,0.22,17,140,4,false
275,496488240,EMPORIO ROSA,Medium,,5_green,False,572,51,25,25,0,49.02,8.92,18.45,-23.542572,-46.626722,True,certificado,Bling Mercado Livre,1,False,13025,79.51,68.9,0,0.6,20,66,4,false
276,650468782,ZIUM STORE LTDA,Medium,platinum,5_green,False,903,34,25,22,3,73.53,3.77,22.59,-23.5620531,-46.5997428,True,certificado,UpSeller ERP,0,False,13050,79.67,69,0,0.19,25,116,3.9,true
277,1941998592,LP E-COMMERCE LTDA,Medium,gold,5_green,False,599,46,25,23,2,54.35,7.68,17.64,-23.54062,-46.633069,True,certificado,UpSeller ERP,0,False,13075,79.82,69.2,0,0.06,15,31,6.7,true
278,249852991,011 MONITORES,Medium,gold,5_green,True,369,48,25,25,0,52.08,13.01,8.45,-23.538603,-46.638233,True,certificado,Shopping De Precos,0,False,13100,79.97,69.3,53,5,64,1377,7,false
279,1061279363,CHIC SHINE COMERCIO LTDA,Medium,platinum,5_green,False,1300,61,25,25,0,40.98,4.69,22.62,-23.5530551,-46.6397105,True,certificado,UpSeller ERP,1,False,13125,80.12,69.4,0,0.43,21,178,4.3,true
280,744952028,SOFIA ACESSORIOS,Medium,platinum,5_green,False,1008,62,25,23,2,40.32,6.15,18.97,-23.557477,-46.63515,True,certificado,Log Manager,0,False,13150,80.28,69.6,0,0.5,27,134,5.9,false
281,153392243,BJ GO IMPORTS LTDA,Medium,platinum,5_green,False,1170,41,25,25,0,60.98,3.5,14.75,-23.515041,-46.588524,True,certificado,Sistema ERP da Olist,1,False,13175,80.43,69.7,0,0.4,23,134,3,true
282,517345114,JM INFORMATICA,Medium,platinum,5_green,False,1383,52,25,23,2,48.08,3.76,19.15,-23.540017,-46.638844,True,certificado,UpSeller ERP,0,False,13200,80.58,69.8,0,0.63,22,757,3.8,false
283,527353136,KAIZU SHOP COMERCIO ELETRONICO LTDA,Medium,platinum,5_green,False,574,32,25,25,0,78.13,5.57,8.21,-23.5647802,-46.5987929,True,certificado,NUBIMETRICS,0,False,13225,80.73,70,0,0.2,18,43,4.4,true
284,1306717604,SHOP 3A,Medium,platinum,5_green,False,875,38,25,22,3,65.79,4.34,21.88,-23.561577,-46.570761,True,certificado,Sistema ERP da Olist,0,False,13250,80.89,70.1,0,0.38,23,49,4.1,true
285,2477837695,XL COMERCIO,Medium,platinum,5_green,False,1206,34,25,20,5,73.53,2.82,22.76,-23.516948,-46.611269,True,certificado,UpSeller ERP,0,False,13275,81.04,70.2,0,0.22,20,136,2.8,false
286,2563973180,ROYAL PRODUTOS TANG LTDA,Medium,platinum,5_green,False,1288,43,25,23,2,58.14,3.34,17.47,-23.5209116,-46.6287093,True,certificado,UpSeller ERP,0,False,13300,81.19,70.4,0,0.2,18,109,3.3,false
287,462936936,1CALL1,Medium,platinum,5_green,False,677,46,25,25,0,54.35,6.79,10.32,-23.5309154,-46.5636715,True,certificado,Ideris,1,False,13325,81.34,70.5,0,0.21,15,790,4,false
288,2383933937,E.B PONTO MIX LTDA,Medium,,5_green,False,425,33,25,25,0,75.76,7.76,6.05,-23.562541,-46.617152,True,certificado,UpSeller ERP,0,False,13350,81.5,70.6,0,0.22,21,67,6.5,true
289,1416751877,DILAN SHOP E DISTRIBUIDORA LTDA,Medium,platinum,5_green,False,430,30,24,24,0,80,6.98,15.93,-23.5484011,-46.5894458,True,certificado,UpSeller ERP,0,False,13374,81.64,70.8,0,0.16,26,30,7.9,true
290,2581381518,CASAVA COMERCIO LTDA,Heavy,platinum,5_green,False,1628,33,24,24,0,72.73,2.03,24.54,-23.524061,-46.59033,True,certificado,UpSeller ERP,0,False,13398,81.79,70.9,0,0.85,29,103,2,false
291,198240030,TRENDS,Medium,gold,5_green,False,1071,54,24,24,0,44.44,5.04,23.26,-23.541144,-46.636403,True,certificado,UpSeller ERP,0,False,13422,81.94,71,0,0.13,30,69,3.6,true
292,1986000096,WEIBIN CHEN ARTIGOS ELETRONICOS,Medium,gold,5_green,False,844,43,24,23,1,55.81,5.09,17.13,-23.5421845,-46.6310323,True,certificado,Log Manager,0,False,13446,82.08,71.1,0,0.05,18,39,3.5,false
293,3018844695,63.830.425 GERSON RODRIGO SENDAS MIRANDA,Medium,gold,5_green,False,504,40,24,24,0,60,7.94,11.77,-23.5676008,-46.588178,True,certificado,UpSeller ERP,0,False,13470,82.23,71.3,0,0.1,16,140,3.8,false
294,494790203,XIUQING WANG  PRODUTOS ELETRONICOS LTDA,Medium,platinum,5_green,False,1378,40,24,23,1,60,2.9,24.23,-23.5285752,-46.6215428,True,certificado,UpSeller ERP,1,False,13494,82.38,71.4,0,0.34,25,60,2.3,true
295,2207884871,SBM ARTIGOS PARA FESTA LTDA,Medium,,5_green,False,1158,36,24,24,0,66.67,3.11,26.57,-23.562766,-46.583321,True,certificado,UpSeller ERP,0,False,13518,82.52,71.5,0,0.28,25,44,3.9,true
296,51569773,BALLOON FESTA,Medium,platinum,5_green,False,632,30,24,23,1,80,4.75,21.74,-23.5488141,-46.5857571,True,certificado,Log Manager,0,False,13542,82.67,71.7,0,0.17,23,100,3.8,true
297,2435118615,COUGAR ECOMMERCE,Medium,platinum,5_green,False,725,30,24,3,21,80,4.14,23.48,-23.5658836,-46.6004014,True,certificado,Log Manager,1,False,13566,82.82,71.8,0,0.42,30,368,2.3,true
298,2927557682,RTE COMERCIO FORTE COMERCIO,Medium,platinum,5_green,False,325,58,24,24,0,41.38,17.85,17.55,-23.5301185,-46.6360153,True,no_certificado,MabangERP,1,False,13590,82.96,71.9,0,1.06,54,157,18.7,true
299,1277486141,YE ECO ILUMINACAO LTDA,Medium,platinum,5_green,False,834,33,24,23,1,72.73,3.96,18.28,-23.53115,-46.623116,True,certificado,UpSeller ERP,1,False,13614,83.11,72,0,0.47,37,217,2.9,true
300,37637406,THEO PONTO COM,Medium,,5_green,True,1233,46,24,23,1,52.17,3.73,34.16,-23.547123,-46.57351,True,certificado,MercadoTurbo,0,False,13638,83.25,72.2,60,0.38,30,86,2.7,true
301,251637638,ARMAZEM MAMOEIRO,Heavy,platinum,5_green,False,2223,33,24,18,6,72.73,1.48,22.21,-23.5220124,-46.5936172,True,certificado,NUBIMETRICS,0,False,13662,83.4,72.3,0,2.32,47,147,2.7,true
302,1752787406,CASA CASTRO QUADROS & MOLDURAS LTDA,Medium,gold,5_green,False,314,38,24,24,0,63.16,12.1,21.73,-23.533689,-46.6279495,True,certificado,Vtrina,1,False,13686,83.55,72.4,0,2,46,74,5.7,true
303,1814537553,CARPEI ACESSORIOS,Heavy,platinum,5_green,False,2470,61,24,24,0,39.34,2.47,25.8,-23.5283829,-46.64367,True,certificado,Log Manager,0,False,13710,83.69,72.5,0,0.08,17,41,2.4,true
304,1373382016,HIT MO LTDA,Heavy,platinum,5_green,False,2485,32,24,22,2,75,1.29,27.74,-23.5242867,-46.6146868,True,no_certificado,TF SOFTWARE LTDA,0,False,13734,83.84,72.7,0,0.17,20,46,1.9,false
305,231372253,TREVO ELETRONICOS LTDA,Medium,platinum,5_green,False,1185,35,23,20,3,65.71,2.95,23.56,-23.544221,-46.632329,True,certificado,UpSeller ERP,0,False,13757,83.98,72.8,0,0.9,23,89,3.8,false
306,540800810,YANKEE COMERCIO DE ACESSORIOS LTDA,Medium,platinum,5_green,False,870,45,23,19,4,51.11,5.17,30.78,-23.542836,-46.633449,True,certificado,UpSeller ERP,0,False,13780,84.12,72.9,0,0.22,17,48,3.7,true
307,1052818573,CY BIJUTERIAS COMERCIO LTDA,Medium,platinum,5_green,False,687,51,23,23,0,45.1,7.42,11.12,-23.5384627,-46.6285773,True,certificado,Log Manager,0,False,13803,84.26,73,0,0.08,15,48,3.2,true
308,108242063,PGU DISTRIBUIDORA DE EMBALAGENS,Medium,platinum,5_green,False,481,62,23,23,0,37.1,12.89,10.2,-23.5609266,-46.6293459,True,certificado,Log Manager,0,False,13826,84.4,73.2,0,0.71,36,98,8.3,true
309,437744524,TRADE MULTICOISAS,Medium,gold,5_green,False,863,33,23,19,4,69.7,3.82,28.71,-23.545341,-46.622891,True,no_certificado,i-pex,0,False,13849,84.54,73.3,0,0.71,37,54,2.7,false
310,2945038809,,Medium,,5_green,False,497,30,23,23,0,76.67,6.04,10.99,-23.546882,-46.619837,False,sin_integrador,,0,False,13872,84.68,73.4,0,0.5,20,572,10,false
311,576598651,GRUPO COSME E DAMIAO,Heavy,platinum,5_green,False,1636,37,23,22,1,62.16,2.26,20.76,-23.5102693,-46.5942551,True,certificado,Real Trends,0,False,13895,84.82,73.5,0,0.25,17,44,2.7,true
312,277465680,FAStshiping,Medium,,5_green,True,487,43,23,23,0,53.49,8.83,5.36,-23.544326,-46.630647,True,certificado,Log Manager,0,False,13918,84.96,73.6,15,0.3,19,284,10.6,false
313,190688179,TOK BIJOUTERIAS E PECAS PARA MONTAGEM LTDA,Medium,platinum,5_green,False,829,40,23,22,1,57.5,4.83,22.48,-23.537322,-46.628269,True,certificado,Tray Commerce,1,False,13941,85.1,73.8,0,0.16,17,59,2.7,true
314,211856341,YATA COMERCIO DIGITAL LTDA,Medium,platinum,5_green,False,1342,35,23,22,1,65.71,2.61,26.61,-23.516961,-46.611266,True,certificado,UpSeller ERP,0,False,13964,85.25,73.9,0,0.26,20,150,1.6,false
315,1179086871,AVELOZ,Medium,gold,5_green,False,822,53,23,23,0,43.4,6.45,20.01,-23.53727,-46.635847,True,certificado,Log Manager,0,False,13987,85.39,74,0,0.65,24,89,8.2,false
316,1664693350,GRAPHIC'S SOLUTION'S,Medium,gold,5_green,False,1119,36,23,21,2,63.89,3.22,21.2,-23.567353,-46.5953,True,certificado,magis5,0,False,14010,85.53,74.1,0,0.72,30,61,4.5,false
317,2131411093,EVERES VARIEDADES LTDA,Medium,platinum,5_green,False,679,41,23,23,0,56.1,6.04,11.29,-23.5645042,-46.6158754,True,certificado,UpSeller ERP,0,False,14033,85.67,74.2,0,0.88,37,51,7,true
318,1808878741,WX STORE,Medium,platinum,5_green,False,514,41,23,23,0,56.1,7.98,10.87,-23.5384703,-46.6399963,True,certificado,Seconds,1,False,14056,85.81,74.4,0,0.34,20,93,6.9,true
319,434038040,DOUGLAS YSAO FUKURO,Medium,gold,5_green,False,510,41,23,23,0,56.1,8.04,13.35,-23.538889,-46.638518,True,certificado,Bling Mercado Livre,0,False,14079,85.95,74.5,0,0.3,22,74,4.4,false
320,170560291,MARCIA REGINA SANTANA BOTTEGHIN 07612323893,Medium,platinum,5_green,False,1174,32,23,19,4,71.88,2.73,21.55,-23.5368825,-46.5715872,True,certificado,Sistema ERP da Olist,0,False,14102,86.09,74.6,0,0.48,22,98,3.5,true
321,154392306,DIGEL,Heavy,platinum,5_green,False,2668,55,22,21,1,40,2.06,29.71,-23.5790457,-46.6184734,True,certificado,Tray Commerce,0,False,14124,86.22,74.7,0,0.45,19,267,2.4,true
322,2969989996,63.519.550 LEANDRO DA SILVA MIRANDA,Medium,platinum,5_green,False,873,32,22,19,3,68.75,3.67,20.99,-23.5676008,-46.588178,True,certificado,UpSeller ERP,0,False,14146,86.36,74.8,0,0.11,17,126,3.9,false
323,1921972549,BANI COMERCIO E SERVICO DE INFORMATICA LTDA,Medium,platinum,5_green,True,359,43,22,22,0,51.16,11.98,9.42,-23.538659,-46.638154,True,certificado,Bling Mercado Livre,0,False,14168,86.49,75,46,5,68,1260,8.2,false
324,1179579843,LDK STORE,Medium,platinum,5_green,False,920,38,22,22,0,57.89,4.13,13.05,-23.53564,-46.5708256,True,certificado,Sistema ERP da Olist,1,False,14190,86.62,75.1,0,0.41,26,45,3.8,true
325,2334542297,JimhooSung,Medium,,5_green,True,421,48,22,22,0,45.83,11.4,5.49,-23.544882,-46.63102,True,certificado,Log Manager,0,False,14212,86.76,75.2,18,0.4,19,354,11.8,false
326,359473741,MEI HAH COMERCIO LTDA,Medium,platinum,5_green,False,903,50,22,20,2,44,5.54,22.77,-23.55494,-46.636087,True,certificado,UpSeller ERP,0,False,14234,86.89,75.3,0,0.37,21,72,6.6,false
327,1909501542,LALAGO BRASIL MAGAZINE LTDA,Medium,gold,5_green,False,876,37,22,21,1,59.46,4.22,21.21,-23.5385079,-46.6329986,True,certificado,UpSeller ERP,0,False,14256,87.03,75.4,0,0.1,17,38,3.3,false
328,2151985436,OUTVISION,Medium,platinum,5_green,False,965,37,22,22,0,59.46,3.83,11.12,-23.536216,-46.567815,True,certificado,MercadoTurbo,1,False,14278,87.16,75.5,0,0.36,27,29,4.3,true
329,2955324468,DOLCE MORGANA PETS LTDA,Medium,silver,5_green,True,459,43,22,22,0,51.16,9.37,11.13,-23.568791,-46.633121,True,no_certificado,UniWorkspace - Universidade Marketplaces,0,False,14300,87.3,75.7,10,0.4,35,100,23.1,false
330,571913721,TED ECOMMERCE,Medium,gold,5_green,False,345,30,22,22,0,73.33,8.7,14.05,-23.5248228,-46.5892743,True,certificado,UpSeller ERP,1,False,14322,87.43,75.8,0,0.05,15,34,3.7,true
331,809921613,BODY HACKING,Heavy,platinum,5_green,False,3760,52,22,21,1,42.31,1.38,28.97,-23.573037,-46.571613,False,sin_integrador,,0,False,14344,87.56,75.9,0,0.07,17,52,1.7,false
332,310841149,54.411.739 JOAO VICTOR GONZAGA ESTEVES,Medium,platinum,5_green,False,820,33,22,19,3,66.67,4.02,27.63,-23.543803,-46.63363,True,certificado,NUBIMETRICS,0,False,14366,87.7,76,0,0.3,24,112,4.5,true
333,288089873,BESTSHOP MARKETPLACE BR,Medium,gold,5_green,True,329,49,22,22,0,44.9,14.89,7.73,-23.5432,-46.637509,True,certificado,MercadoTurbo,0,False,14388,87.83,76.1,17,0.26,33,64,8.6,false
334,442377561,APOTECA SOLUCOES EM SAUDE LTDA,Medium,platinum,5_green,False,1354,62,22,22,0,35.48,4.58,16.71,-23.524773,-46.629144,True,certificado,PLUGGTO,0,False,14410,87.97,76.2,0,0.18,19,80,4.5,false
335,1871566674,AK ACESSORIOS,Medium,platinum,5_green,False,660,36,22,22,0,61.11,5.45,10.86,-23.536178,-46.567834,True,certificado,MercadoTurbo,0,False,14432,88.1,76.4,0,0.47,25,37,5.1,true
336,1419352095,SHINE COMERCIO DE ACESSORIOS LTDA,Heavy,platinum,5_green,False,1976,42,22,18,4,52.38,2.13,26.12,-23.51643,-46.605857,True,certificado,UpSeller ERP,0,False,14454,88.24,76.5,0,0.38,25,131,2.1,true
337,1074204572,DANILO TOLEDO DOS SANTOS,Medium,gold,5_green,False,603,36,21,21,0,58.33,5.97,22.15,-23.5375115,-46.6397441,True,certificado,MercadoTurbo,1,False,14475,88.36,76.6,0,0.11,15,47,4.9,true
338,1246203734,SURF SKATE COMERCIO VIRTUAL LTDA,Medium,platinum,5_green,False,1272,33,21,20,1,63.64,2.59,23.29,-23.5435906,-46.640275,True,certificado,VTEX Integration,0,False,14496,88.49,76.7,0,0.79,34,295,2.2,false
339,1414864657,LED GLASS ESPELHOS LTDA,Medium,platinum,5_green,False,1436,43,21,15,6,48.84,2.99,29.64,-23.5180813,-46.5795762,True,certificado,Real Trends,0,False,14517,88.62,76.8,0,2.62,64,83,3.3,true
340,127188702,AKISTOCK CABOS E CONECTORES,Medium,silver,5_green,False,416,40,21,21,0,52.5,9.62,13.01,-23.5676327,-46.6203753,True,certificado,Log Manager,1,False,14538,88.75,76.9,0,0.11,18,34,3.3,true
341,1314323963,BARATO USA,Medium,,5_green,False,1453,42,21,19,2,50,2.89,19.12,-23.542944,-46.636631,True,certificado,Bling Mercado Livre,0,False,14559,88.88,77,0,0.61,24,292,3.7,false
342,1946970836,KND ARMARINHOS,Medium,platinum,5_green,False,770,34,21,21,0,61.76,4.42,12.96,-23.571493,-46.586091,True,certificado,magis5,1,False,14580,89.01,77.1,0,1.12,33,101,2.9,true
343,2406890412,60.506.030 GISELE CATARINA DOS REIS,Medium,,5_green,False,557,31,21,21,0,67.74,5.57,13.45,-23.533077,-46.559653,True,certificado,Log Manager,0,False,14601,89.13,77.3,0,0.57,18,544,8,false
344,161183574,64.862.744 CARLA PIMENTA SILVEIRA,Medium,,5_green,False,534,39,21,21,0,53.85,7.3,8.15,-23.52441,-46.641983,False,sin_integrador,,0,False,14622,89.26,77.4,0,1.25,34,388,6.2,false
345,780963487,ASILVA IMPORTS LTDA,Medium,silver,5_green,False,505,50,21,21,0,42,9.9,6.15,-23.5404918,-46.6414403,True,certificado,UpSeller ERP,0,False,14643,89.39,77.5,0,0.12,19,35,8.2,false
346,1184054486,SHISI QUIAN LTDA,Medium,platinum,5_green,False,768,33,21,21,0,63.64,4.3,17.41,-23.566232,-46.580271,True,certificado,UpSeller ERP,1,False,14664,89.52,77.6,0,0.5,30,118,4.2,true
347,1965753020,E.A. PARA PETS,Medium,platinum,5_green,False,1024,38,21,20,1,55.26,3.71,16.77,-23.533526,-46.554913,True,certificado,Bling Mercado Livre,0,False,14685,89.65,77.7,0,0.17,30,56,3.3,true
348,60391913,,Medium,,5_green,False,395,34,20,20,0,58.82,8.61,12.09,-23.5372977,-46.6372643,False,sin_integrador,,0,False,14705,89.77,77.8,0,0.3,20,41,10.3,false
349,276688662,MK PHOTO EQUIPAMENTOS DE FOTOGRAFIAS LTDA,Medium,platinum,5_green,False,384,34,20,20,0,58.82,8.85,19.81,-23.546707,-46.640793,True,certificado,Real Trends,0,False,14725,89.89,77.9,0,0.61,32,324,9.6,false
350,215731059,NR SUPLEMENTOS,Heavy,platinum,5_green,False,3636,54,20,20,0,37.04,1.49,29.66,-23.573104,-46.571618,False,sin_integrador,,0,False,14745,90.01,78,0,0.06,17,49,1.8,false
351,1331356659,NEW ESTILO COMERCIO DE PRESENTES LTDA,Heavy,platinum,5_green,False,1612,32,20,20,0,62.5,1.99,23.34,-23.516392,-46.605861,True,certificado,UpSeller ERP,0,False,14765,90.13,78.1,0,0.35,24,164,2,true
352,2581161075,SHOWFULL,Heavy,platinum,5_green,False,1741,48,20,0,20,41.67,2.76,35.88,-23.541068,-46.632106,True,certificado,UpSeller ERP,0,False,14785,90.26,78.2,0,0.04,17,37,2.4,true
353,1583077679,IBOA COMERCIO DE PRESENTES LTDA,Medium,platinum,5_green,False,1466,32,20,18,2,62.5,2.18,23.51,-23.5164601,-46.6058257,True,certificado,UpSeller ERP,0,False,14805,90.38,78.3,0,0.27,25,121,1.9,true
354,73310238,A. V. TECNOLOGIAS,Medium,silver,5_green,False,340,30,20,20,0,66.67,8.82,13.89,-23.559799,-46.593739,True,certificado,UpSeller ERP,0,False,14825,90.5,78.4,0,0.45,54,50,9.2,true
355,419314955,PLAY COMP,Heavy,platinum,5_green,False,2060,40,20,16,4,50,1.94,26.52,-23.5409115,-46.6382093,True,certificado,Bling Mercado Livre,0,False,14845,90.62,78.5,0,0.07,18,60,2.8,true
356,229712288,APOAPP PRESENTES LTDA,Heavy,,5_green,False,1665,41,20,20,0,48.78,2.46,20.98,-23.578635,-46.603766,True,certificado,Log Manager,0,False,14865,90.75,78.7,0,1.19,33,78,2,false
357,1451844841,M YU PRESENTES LTDA,Medium,platinum,5_green,False,942,46,20,20,0,43.48,4.88,17.96,-23.5575091,-46.6352394,True,certificado,Log Manager,0,False,14885,90.87,78.8,0,0.48,26,98,6.2,false
358,1740894720,FEISHUN COMERCIO LTDA,Heavy,platinum,5_green,False,1860,31,20,19,1,64.52,1.67,25.4,-23.523632,-46.614717,True,certificado,UpSeller ERP,0,False,14905,90.99,78.9,0,0.37,27,65,1.9,false
359,168873882,OPECO OPERACOES COMERCIAIS IMP E EXPORTACAO LTDA,Medium,platinum,5_green,True,650,86,20,20,0,23.26,13.23,16.04,-23.5257909,-46.6421721,True,certificado,MAGIIC,0,False,14925,91.11,79,60,0.14,21,104,9.2,true
360,1423848804,MEILING COMERCIAL LTDA,Medium,gold,5_green,False,859,33,20,19,1,60.61,3.84,20.11,-23.5373007,-46.6282328,True,certificado,UpSeller ERP,1,False,14945,91.23,79.1,0,0.2,24,36,5.6,true
361,2445359242,STEPHANY BIJUTERIA PRESENTES LTDA,Medium,platinum,5_green,False,1379,45,20,19,1,44.44,3.26,20.07,-23.525827,-46.636295,True,certificado,Log Manager,0,False,14965,91.36,79.2,0,0.35,19,191,4.1,true
362,1078886860,PPLINK,Medium,platinum,5_green,False,506,43,19,19,0,44.19,8.5,13.24,-23.5389074,-46.637535,True,certificado,Sistema ERP da Olist,0,False,14984,91.47,79.3,0,0.19,19,99,8.1,true
363,649343020,KEYMEX VARIEDADES LTDA,Medium,platinum,5_green,False,1132,30,19,18,1,63.33,2.65,23.42,-23.543856,-46.633359,True,certificado,UpSeller ERP,0,False,15003,91.59,79.4,0,0.36,18,102,2.5,false
364,157021498,CARLOS DANILO DA COSTA SANTOS,Medium,gold,5_green,False,634,61,19,19,0,31.15,9.62,16.45,-23.53873295609843,-46.64028537278316,False,sin_integrador,,0,False,15022,91.7,79.5,0,0.04,17,31,7.1,false
365,656482720,PARAMAR COMERCIO DE PARAFUSOS E PECAS LTDA,Heavy,platinum,5_green,False,2203,50,19,17,2,38,2.27,20.45,-23.5108968,-46.5801004,True,no_certificado,MationPro,0,False,15041,91.82,79.6,0,0.28,22,64,1.8,true
366,2925820717,R A - DISTRIBUIDORA ELETRONICOS LTDA,Medium,gold,5_green,False,592,61,19,19,0,31.15,10.3,11.23,-23.537268,-46.64138,True,certificado,Bling Mercado Livre,0,False,15060,91.94,79.7,0,0.42,20,391,6.7,false
367,243200169,MINH BOLSAS,Medium,platinum,5_green,False,1218,39,19,19,0,48.72,3.2,23.98,-23.580176,-46.612294,True,certificado,UpSeller ERP,0,False,15079,92.05,79.8,0,0.49,41,83,2.1,true
368,2050158869,MP SEGURANCA,Medium,platinum,5_green,False,385,38,19,19,0,50,9.87,15.3,-23.542234,-46.63656,True,certificado,Bling Mercado Livre,1,False,15098,92.17,79.9,0,0.32,20,513,4.8,false
369,1869288299,SAMUEL ARMARINHO LTDA,Medium,platinum,5_green,False,1027,38,19,18,1,50,3.7,24.07,-23.5450039,-46.6346977,True,certificado,UpSeller ERP,0,False,15117,92.28,80,0,0.31,21,63,3.9,false
370,1299255081,MARI OFERTAS,Medium,gold,5_green,False,623,34,19,19,0,55.88,5.46,3.74,-23.57338,-46.585496,False,sin_integrador,,0,False,15136,92.4,80.1,0,0.2,23,48,3.7,true
371,1853998405,C.B. COMERCIO DE PRESENTES LTDA,Medium,platinum,5_green,False,1274,32,19,19,0,59.38,2.51,27.7,-23.5164412,-46.6058865,True,certificado,UpSeller ERP,1,False,15155,92.52,80.2,0,0.34,25,115,2.1,true
372,256689072,FLORESTA ELETRONICO LTDA,Medium,gold,5_green,False,719,32,19,18,1,59.38,4.45,24.84,-23.544245,-46.632349,True,certificado,UpSeller ERP,0,False,15174,92.63,80.3,0,0.65,26,51,2.3,false
373,464619782,ORBIS VITA PRODUTOS NATURAIS,Heavy,platinum,5_green,False,1578,39,19,19,0,48.72,2.47,21.02,-23.515096,-46.605884,True,certificado,Sistema ERP da Olist,0,False,15193,92.75,80.4,0,0.11,15,51,2.7,true
374,1291666919,XILA,Medium,gold,5_green,False,1002,30,19,18,1,63.33,2.99,24.75,-23.5274145,-46.6258508,True,certificado,UpSeller ERP,0,False,15212,92.86,80.5,0,0.2,22,64,2.8,true
375,192480585,ODIN FIT,Heavy,platinum,5_green,False,1831,34,18,13,5,52.94,1.86,22.88,-23.5193697,-46.5848084,True,certificado,Sistema ERP da Olist,0,False,15230,92.97,80.6,0,2.56,58,631,1.4,true
376,353917035,TOP BRILHANTE,Medium,platinum,5_green,False,690,33,18,18,0,54.55,4.78,22.3,-23.540414,-46.637287,True,certificado,UpSeller ERP,0,False,15248,93.08,80.7,0,0.33,21,85,5.3,false
377,129900094,A2C GORJON,Medium,platinum,5_green,False,717,30,18,17,1,60,4.18,24.25,-23.560404,-46.579387,False,sin_integrador,,0,False,15266,93.19,80.8,0,0.29,22,203,3,false
378,2579369175,AG COMERCIO,Medium,platinum,5_green,False,361,30,18,18,0,60,8.31,10.57,-23.5591771,-46.61952489999999,True,certificado,Log Manager,0,False,15284,93.3,80.9,0,0.6,37,100,8.8,true
379,753950205,CVV ELETRONICOS,Medium,platinum,5_green,False,1120,45,18,16,2,40,4.02,21.49,-23.5374349,-46.6384271,True,certificado,Bling Mercado Livre,0,False,15302,93.41,81,0,0.79,31,306,4.4,true
380,1599273687,CAVALHEIRO COMERCIAL,Medium,gold,5_green,True,382,58,18,18,0,31.03,15.18,10.07,-23.550939,-46.643117,True,certificado,MercadoTurbo,0,False,15320,93.52,81.1,27,0.14,20,42,9,true
381,732512250,YFCT - ILUMINACAO,Medium,platinum,5_green,False,1480,32,18,16,2,56.25,2.16,26.02,-23.535576,-46.64022,True,certificado,UpSeller ERP,0,False,15338,93.63,81.2,0,0.22,21,98,2.1,false
382,303931272,MPS COMERCIO DE EPI E MRO,Medium,platinum,5_green,False,660,30,18,18,0,60,4.55,19.23,-23.5345044,-46.5780004,True,certificado,Log Manager,1,False,15356,93.74,81.2,0,0.22,10,143,3.1,true
383,539134038,MIKA SHOP,Medium,platinum,5_green,False,780,41,18,18,0,43.9,5.26,13.38,-23.540714,-46.632436,True,certificado,Log Manager,0,False,15374,93.85,81.3,0,0.19,18,93,4.5,false
384,368864723,"SAGGRADA IMMAGEM, TOKAA ORGANICOS, KALAMAKIA",Medium,platinum,5_green,False,1180,43,18,14,4,41.86,3.64,31.53,-23.547171,-46.624914,True,certificado,MDHUB - Antigo MDLIVRE,0,False,15392,93.96,81.4,0,0.35,25,63,2.8,false
385,2007725003,WANGQIONG QIU,Medium,platinum,5_green,False,892,37,18,18,0,48.65,4.15,19.15,-23.5258573,-46.6362235,True,certificado,Log Manager,0,False,15410,94.07,81.5,0,1.08,33,116,7.1,true
386,3244104734,,Medium,,5_green,False,380,32,18,18,0,56.25,8.42,16.08,-23.541469,-46.633113,False,sin_integrador,,0,False,15428,94.18,81.6,0,,,,,false
387,2131115,BENDITA MADAME COSMETICOS,Medium,silver,5_green,False,406,31,18,18,0,58.06,7.64,13.73,-23.5512432,-46.6221642,True,certificado,UpSeller ERP,1,False,15446,94.29,81.7,0,0.54,19,35,3,false
388,1572654444,KJ COMERCIO E PRESENTES,Medium,platinum,5_green,False,866,35,18,18,0,51.43,4.04,24.17,-23.555448,-46.57539,True,certificado,UpSeller ERP,0,False,15464,94.4,81.8,0,0.55,35,92,3.3,false
389,136516429,LUCKY FESTA,Medium,gold,5_green,False,938,35,18,17,1,51.43,3.73,25.05,-23.5447165,-46.6332056,True,certificado,UpSeller ERP,0,False,15482,94.51,81.9,0,0.16,20,72,3.7,true
390,1738456621,JR MAGAZINES IMPORTACAO E EXPORTACAO LTDA,Medium,platinum,5_green,False,560,44,17,17,0,38.64,7.86,16.99,-23.5777563,-46.6214369,True,certificado,UpSeller ERP,1,False,15499,94.62,82,0,0.1,12,67,6.9,true
391,73007434,BREUTRONIC,Medium,platinum,5_green,False,546,33,17,16,1,51.52,6.04,22.14,-23.5637944,-46.62038,True,certificado,UpSeller ERP,1,False,15516,94.72,82.1,0,0.5,23,336,6.3,true
392,187527110,ORI,Medium,gold,5_green,False,833,52,17,16,1,32.69,6.24,24.18,-23.559137,-46.635412,True,certificado,Sistema ERP da Olist,0,False,15533,94.82,82.2,0,0.27,27,64,6,true
393,420252833,GENERAL NOTBOOKS PRODUTOS DE INFORMATICA LTDA,Medium,,5_green,False,530,30,17,17,0,56.67,5.66,15.03,-23.544831,-46.63378,True,certificado,Log Manager,0,False,15550,94.93,82.3,0,0.36,26,110,3.4,true
394,788849358,CB CRESOSTOMO BATERIAS,Medium,platinum,5_green,False,720,30,17,17,0,56.67,4.17,46.26,-23.533422,-46.567803,False,sin_integrador,,0,False,15567,95.03,82.4,0,0.07,13,107,2.9,false
395,2180790539,RF VARIEDADES E-COMMERCE LTDA,Medium,platinum,5_green,False,463,32,17,17,0,53.13,6.91,10.69,-23.530349,-46.6384276,True,certificado,UpSeller ERP,1,False,15584,95.13,82.5,0,0.19,19,69,2.9,true
396,482556971,FMC GONZALEZ,Medium,platinum,5_green,False,1418,33,17,16,1,51.52,2.33,22.03,-23.580181,-46.61233,True,certificado,Log Manager,0,False,15601,95.24,82.5,0,0.58,42,88,3.2,true
397,1074933538,,Medium,,5_green,False,473,37,17,17,0,45.95,7.82,9.43,-23.541426,-46.633033,True,certificado,UpSeller ERP,0,False,15618,95.34,82.6,0,0.3,19,126,7.8,false
398,6276592,3A PRODUTOS,Medium,gold,5_green,False,554,30,17,16,1,56.67,5.42,14.15,-23.548431,-46.56295,True,certificado,Sistema ERP da Olist,0,False,15635,95.45,82.7,0,0.29,32,60,3.6,true
399,786794263,BE INTIMATE LTDA,Medium,platinum,5_green,False,915,42,17,17,0,40.48,4.59,23.84,-23.536941,-46.635573,False,sin_integrador,,0,False,15652,95.55,82.8,0,0.09,20,94,4.6,false
400,1757515811,KACO MAGAZINE LTDA,Medium,gold,5_green,False,711,32,16,16,0,50,4.5,13.37,-23.533127,-46.631423,True,certificado,UpSeller ERP,0,False,15668,95.65,82.9,0,0.1,17,50,5.2,true
401,532895224,TIO ALI,Medium,platinum,5_green,False,750,33,16,14,2,48.48,4.4,25.37,-23.541763,-46.62933,True,certificado,Bling Mercado Livre,0,False,15684,95.75,83,0,0.73,17,100,2.3,false
402,159927762,HBOLONHA COMERCIO E IMPORTACAO LTDA,Medium,platinum,5_green,True,634,40,16,15,1,40,6.31,15.26,-23.550218,-46.641656,True,certificado,blau - Especialista em Perguntas,0,False,15700,95.84,83.1,43,0.08,16,127,4.7,false
403,1497377370,DROP TOTAL COMERCIO E SERVICOS LTDA,Medium,gold,5_green,True,474,46,16,16,0,34.78,9.7,14.3,-23.544894,-46.6322455,True,certificado,Log Manager,0,False,15716,95.94,83.2,7,0.09,12,45,7.9,true
404,496488696,RL DISTRIBUIDORA DE PERFUMARIA LTDA,Medium,silver,5_green,False,351,32,16,16,0,50,9.12,18.32,-23.555606,-46.6154031,True,certificado,Sistema ERP da Olist,1,False,15732,96.04,83.2,0,0.13,19,37,4.2,true
405,81775468,INDUSTRIA E COMERCIO DE  LUSTRES RORIZ LTDA,Medium,platinum,5_green,False,1129,30,16,12,4,53.33,2.66,23.11,-23.565183,-46.570053,True,certificado,Sistema ERP da Olist,0,False,15748,96.14,83.3,0,0.41,25,96,3.2,true
406,209023752,DHY UNHAS,Medium,platinum,5_green,False,793,41,16,16,0,39.02,5.17,19.09,-23.543494,-46.6335671,True,certificado,UpSeller ERP,0,False,15764,96.23,83.4,0,0.07,18,54,5,true
407,132184414,BCPRIMOR,Heavy,platinum,5_green,False,1634,60,16,16,0,26.67,3.67,23.4,-23.5369487,-46.6356629,True,certificado,Sistema ERP da Olist,0,False,15780,96.33,83.5,0,0.1,19,99,4.2,false
408,3141389380,SHALOMTECK LTDA,Medium,,5_green,False,417,31,16,16,0,51.61,7.43,14.54,-23.543501,-46.633055,True,certificado,Log Manager,0,False,15796,96.43,83.6,0,0.33,29,234,4.8,false
409,722606231,CASA DAS GRIFFES STORE,Medium,platinum,5_green,True,1091,40,16,16,0,40,3.67,14.22,-23.542144,-46.641986,True,certificado,UpSeller ERP,0,False,15812,96.53,83.7,2,0.27,33,302,3.4,true
410,561012902,,Medium,,5_green,True,391,42,15,15,0,35.71,10.74,5.78,-23.540821,-46.6338567,True,certificado,MercadoTurbo,0,False,15827,96.62,83.7,36,0.11,18,104,13.3,false
411,701806533,LIVRARIA MAIS COMERCIAL LTDA,Medium,platinum,5_green,False,956,30,15,15,0,50,3.14,25.35,-23.5540583,-46.6316395,True,certificado,Log Manager,1,False,15842,96.71,83.8,0,0.5,26,87,2.5,true
412,1246090936,GRUPO DE VENDAS G & G,Heavy,platinum,5_green,False,2629,36,15,14,1,41.67,1.37,23.44,-23.514219,-46.585661,True,certificado,Predize,0,False,15857,96.8,83.9,0,0.6,30,55,1.2,false
413,1108922948,CIRURGICA STORE - COMERCIO VAREJISTA DE ARTIGOS MEDICOS E HOSPITALARES LTDA,Medium,platinum,5_green,False,577,35,15,15,0,42.86,6.07,13.61,-23.5437227,-46.5621751,True,certificado,Log Manager,0,False,15872,96.89,84,0,0.25,22,88,3,false
414,1186332932,ZAREK ELETRONICA E INFORMATICA,Medium,platinum,5_green,False,785,40,15,15,0,37.5,5.1,24.26,-23.537493,-46.639741,True,certificado,MercadoTurbo,1,False,15887,96.98,84.1,0,0.16,17,95,5.3,true
415,420321486,PLATINUM SHOP,Medium,platinum,5_green,False,832,31,15,13,2,48.39,3.73,19.42,-23.542509,-46.623637,True,certificado,UpSeller ERP,0,False,15902,97.08,84.1,0,0.32,18,191,4.6,false
416,235616650,CALIFORNIA RACING,Heavy,platinum,5_green,False,1702,42,15,14,1,35.71,2.47,19.46,-23.523149,-46.640897,True,certificado,Seconds,0,False,15917,97.17,84.2,0,1.03,36,236,0.5,false
417,75923333,MAGAZINE MILANI LTDA,Medium,platinum,5_green,False,349,40,15,15,0,37.5,11.46,11.49,-23.554876,-46.640454,True,certificado,Log Manager,0,False,15932,97.26,84.3,0,0.24,29,122,6.8,true
418,2997083787,COMERCIAL WENXIAO LTDA,Medium,gold,5_green,False,360,31,14,14,0,45.16,8.61,15.88,-23.5425067,-46.6324132,True,certificado,UpSeller ERP,1,False,15946,97.34,84.4,0,0.09,17,57,6,true
419,2105462345,INK-LASER INFO,Medium,platinum,5_green,False,346,39,14,14,0,35.9,11.27,14.48,-23.53926,-46.639302,True,certificado,MercadoTurbo,0,False,15960,97.43,84.4,0,2.33,31,127,9.1,true
420,1751872051,SEKAI DISTRIBUICAO E REPRESENTACAO DE MATERIAIS PARA BLINDAGEM LTDA,Medium,gold,5_green,False,555,32,14,14,0,43.75,5.77,14.75,-23.529056,-46.559699,True,certificado,Log Manager,1,False,15974,97.52,84.5,0,0.31,26,63,3.5,true
421,2401988425,KOBAC COMERCIO LTDA,Medium,platinum,5_green,False,933,41,14,12,2,34.15,4.39,22.15,-23.5449627,-46.6347228,True,certificado,UpSeller ERP,1,False,15988,97.6,84.6,0,0.17,18,42,6.4,true
422,613001856,MAK-FRIGO REFRIGERACAO LTDA,Medium,platinum,5_green,False,808,31,14,13,1,45.16,3.84,28.36,-23.5278209,-46.629299,True,certificado,Bling Mercado Livre,0,False,16002,97.69,84.7,0,0.41,34,130,4.8,true
423,12721394,VIDEO LASER ELETRONICA LTDA,Medium,platinum,5_green,False,1285,35,14,12,2,40,2.72,21.44,-23.510503,-46.626753,False,sin_integrador,,0,False,16016,97.77,84.7,0,0.16,19,51,2.1,true
424,418877607,VRG COMERCIO DE VESTUARIO E ACESSORIOS PARA MOTOS LTDA,Heavy,platinum,5_green,False,2001,34,14,12,2,41.18,1.7,19.43,-23.523167,-46.64082,True,certificado,Seconds,0,False,16030,97.86,84.8,0,1.03,35,240,1.4,false
425,736206216,TECH ELETRONICOS 1984,Medium,platinum,5_green,False,334,30,14,14,0,46.67,8.98,10.36,-23.5407547,-46.6425425,True,certificado,MercadoTurbo,0,False,16044,97.94,84.9,0,0.08,19,947,5.6,false
426,626500823,ARTECOR COMERCIO DE ARMARINHOS E ARTESANATO LTDA,Medium,gold,5_green,False,698,47,14,14,0,29.79,6.73,18.06,-23.570935,-46.622479,True,certificado,MDHUB - Antigo MDLIVRE,0,False,16058,98.03,85,0,0.32,20,56,8.5,false
427,2070097612,WONDER GARDEN E-COMMERCE,Medium,gold,5_green,False,321,38,13,13,0,34.21,11.84,14.55,-23.550502,-46.635793,True,certificado,UpSeller ERP,0,False,16071,98.11,85,0,0.09,21,87,4.3,false
428,3195607706,GSO TECNOLOGIA,Medium,,5_green,False,652,41,13,13,0,31.71,6.29,14.92,-23.544767,-46.640494,True,certificado,Sistema ERP da Olist,0,False,16084,98.19,85.1,0,0.1,18,213,5.3,false
429,765479255,COMERCIAL MALULI LTDA,Medium,gold,5_green,False,642,34,13,12,1,38.24,5.3,40.32,-23.529932,-46.626589,True,certificado,Log Manager,0,False,16097,98.27,85.2,0,0.12,23,49,4.6,true
430,571825978,PAPERFLIX INFORMATICA E PAPELARIA LTDA,Medium,gold,5_green,False,652,37,13,12,1,35.14,5.67,26.69,-23.54221,-46.636747,True,certificado,Bling Mercado Livre,0,False,16110,98.35,85.2,0,0.04,17,57,5.7,true
431,2482107222,Thiago Mendonca,Medium,,5_green,False,318,30,13,13,0,43.33,9.43,22.04,-23.545642,-46.644833,True,certificado,Sistema ERP da Olist,0,False,16123,98.43,85.3,0,0.16,17,138,9.1,false
432,142385623,Jose Vagner ,Medium,,5_green,False,410,39,13,13,0,33.33,9.51,6.41,-23.5410668,-46.6392227,True,certificado,Log Manager,0,False,16136,98.5,85.4,0,0.58,20,139,8.2,false
433,18475251,61.380.715 LIGIA FERNANDA CAVALHEIRO DE SOUZA,Medium,platinum,5_green,False,1084,38,12,12,0,31.58,3.51,23.23,-23.5421237,-46.6376001,False,sin_integrador,,0,False,16148,98.58,85.4,0,0.05,19,57,3.8,true
434,572452004,KIDDO STORE BR,Medium,silver,5_green,False,550,33,12,12,0,36.36,6,20.93,-23.5540233,-46.6343564,True,certificado,Sistema ERP da Olist,0,False,16160,98.65,85.5,0,0.09,17,32,9.2,true
435,1185171320,LOJA SHOPCLIC,Medium,platinum,5_green,True,378,42,12,12,0,28.57,11.11,6.07,-23.541421,-46.637215,True,certificado,MercadoTurbo,0,False,16172,98.72,85.6,18,0.33,19,649,8.7,true
436,2239061333,KLAUS COMERCIO DE ELETRONICOS E VARIEDADES LTDA,Medium,platinum,5_green,False,924,36,12,10,2,33.33,3.9,29.64,-23.525298,-46.643403,True,certificado,UpSeller ERP,0,False,16184,98.8,85.6,0,0.43,23,77,3.9,false
437,6403846,DAVELOZ,Medium,platinum,5_green,False,1280,45,12,0,12,26.67,3.52,31.97,-23.537272,-46.63584,True,certificado,Log Manager,0,False,16196,98.87,85.7,0,0.9,24,76,4.2,true
438,2351897751,RAF IMPORTS,Medium,gold,5_green,False,442,36,12,12,0,33.33,8.14,13.71,-23.569178,-46.636322,True,certificado,Log Manager,0,False,16208,98.94,85.8,0,0.41,23,146,6.7,false
439,713100643,SHIN BUENO COM. DE PRODUTOS ALIMENTICIOS LTDA,Medium,platinum,5_green,True,407,58,12,12,0,20.69,14.25,14.49,-23.555993,-46.635252,True,certificado,Tray Commerce,0,False,16220,99.02,85.8,6,0.54,25,92,9.3,true
440,1785711029,C Z UTILIDADES LTDA,Medium,platinum,5_green,False,647,30,12,11,1,40,4.64,21.35,-23.541523,-46.633218,True,certificado,Log Manager,0,False,16232,99.09,85.9,0,0.17,19,67,3.4,false
441,2421397349,VEXU,Heavy,platinum,5_green,False,1826,31,11,11,0,35.48,1.7,25.49,-23.507924,-46.586853,True,certificado,UpSeller ERP,0,False,16243,99.16,85.9,0,0.26,22,67,2.2,true
442,430408446,VIVI INFORMATICA E ELETRONICOS COMERCIO IMPORTACAO E EXPORTACAO LTDA,Medium,platinum,5_green,False,417,40,11,11,0,27.5,9.59,10.85,-23.538608,-46.638679,True,certificado,Log Manager,0,False,16254,99.22,86,0,0.22,20,198,4,false
443,721150580,B2F,Medium,platinum,5_green,False,666,47,11,10,1,23.4,7.06,19.76,-23.529389,-46.644456,True,certificado,Sistema ERP da Olist,0,False,16265,99.29,86.1,0,0.96,34,244,6.4,true
444,2335405516,STAND WEB,Medium,platinum,5_green,False,1146,31,11,10,1,35.48,2.71,18.74,-23.51432,-46.585727,True,certificado,Predize,0,False,16276,99.36,86.1,0,0.75,36,130,1.6,true
445,1225486592,DAI STORES COMERCIO VAREJISTA,Medium,gold,5_green,False,346,32,10,10,0,31.25,9.25,13.53,-23.5530056,-46.6353633,True,no_certificado,Time Envios,0,False,16286,99.42,86.2,0,0.11,18,50,6.1,true
446,561029499,FOCOS,Medium,platinum,5_green,False,563,52,10,10,0,19.23,9.24,16.92,-23.529942,-46.645947,True,certificado,MercadoTurbo,0,False,16296,99.48,86.2,0,0.38,33,177,4.4,true
447,1074979266,WIKI COMERCIO DE UTILIDADES LTDA,Medium,platinum,5_green,False,645,38,10,10,0,26.32,5.89,19.4,-23.523897,-46.641103,True,certificado,UpSeller ERP,0,False,16306,99.54,86.3,0,0.37,30,161,4,true
448,1195054166,VALE TECIDOS,Medium,,5_green,False,457,30,10,8,2,33.33,6.56,20.09,-23.5293986,-46.6444638,True,certificado,MercadoTurbo,0,False,16316,99.6,86.3,0,1.25,34,247,5.8,true
449,225105602,PINK FLAMINGO FANTASIAS,Medium,gold,5_green,False,494,31,10,10,0,32.26,6.28,17.57,-23.576782,-46.612305,True,certificado,UpSeller ERP,0,False,16326,99.66,86.4,0,0.07,21,47,4.8,true
450,61588381,ELETRONICA SANTANA LTDA,Medium,platinum,5_green,False,1201,38,10,8,2,26.32,3.16,25.89,-23.5073346,-46.6261858,True,certificado,Predize,0,False,16336,99.73,86.4,0,0.39,22,278,4.7,false
451,360385271,ESPORTES 25 DE MARCO LTDA,Medium,platinum,5_green,False,487,30,9,9,0,30,6.16,14.33,-23.5414483,-46.6322009,True,certificado,Sistema ERP da Olist,1,False,16345,99.78,86.5,0,0.16,20,73,3.8,true
452,309392145,NEWDENTALE,Medium,,5_green,False,577,38,9,9,0,23.68,6.59,22.31,-23.578337,-46.582904,True,certificado,Bling Mercado Livre,1,False,16354,99.84,86.5,0,0.2,24,61,3.5,true
453,371937904,MUSIC EXPERIENCE,Medium,platinum,5_green,False,530,35,9,7,2,25.71,6.6,23.18,-23.5397074,-46.6489013,True,certificado,Bling Mercado Livre,0,False,16363,99.89,86.6,0,0.25,17,120,6.7,true
454,2276370571,,Medium,,5_green,False,445,37,8,8,0,21.62,8.31,13.08,-23.548093,-46.640094,True,certificado,Log Manager,0,False,16371,99.94,86.6,0,0.14,18,125,7.9,false
455,164374297,RYT WEB,Heavy,platinum,5_green,False,2795,37,7,6,1,18.92,1.32,22.46,-23.501702,-46.586986,True,certificado,UpSeller ERP,0,False,16378,99.98,86.7,0,0.29,58,26,1.5,false
456,612545130,Rosewood uniformes,Medium,platinum,5_green,False,609,31,3,3,0,9.68,5.09,15.94,-23.527169,-46.642429,True,certificado,UpSeller ERP,0,False,16381,100,86.7,0,0.27,31,92,2.9,true